record_id,domain_coverage_bio,domain_coverage_psych,domain_coverage_social,integration_bio_psych,integration_psych_social,integration_bio_social,integration_triadic,review_track,source_type,overall_balance,bps_typology,typology_consensus_depth,concept_definitions_present,fulltext_eligibility,eligibility_consensus_depth,synthesis_priority,present_integration_evidence,present_triadic_claim,present_psychological_concepts,present_defined_concepts,present_theoretical_frameworks,present_conceptual_problems,present_domain_evidence_bio,present_domain_evidence_psych,present_domain_evidence_social,mean_integration_index,mean_extracted_items,psychological_concepts,theoretical_frameworks,conceptual_problems
F001_42080121,elaborated,elaborated,mentioned,mechanistic,directional,directional,descriptive,musculoskeletal,narrative or expert review,psych-dominant,true_integrative,1,partial,include,3,core,yes,yes,yes,yes,yes,yes,yes,yes,yes,0.5972,30.666666666666668,acceptance | acceptance and commitment therapy | acceptance and commitment therapy act | anxiety | cognitive behavioral therapy | cognitive behavioral therapy cbt | cognitive defusion | committed action | contact with the present moment | depression | fear-avoidance beliefs | mindfulness-based therapies mbsr | pain catastrophizing | psychological flexibility | self-efficacy | values clarification,acceptance and commitment therapy act | biopsychosocial model of chronic pain for older adults | biopsychosocial model of pain | cognitive behavioral therapy cbt | digital therapeutics | fear-avoidance model | gate control theory of pain | geroscience hypothesis | geroscience hypothesis  geroscience lens | precision geriatrics | precision medicine applied to aging precision geriatrics,measurementmismatch | mechanisticabsence | missingsocial | parallellistingwithoutintegration
F002_41976799,elaborated,elaborated,mentioned,descriptive,descriptive,directional,descriptive,musculoskeletal,systematic review,psych-dominant,multifactorial,2,partial,include,3,core,yes,yes,yes,yes,yes,yes,yes,yes,yes,0.5138666666666667,28.666666666666668,anxiety | coping | depression | negative affect | pain catastrophizing | pain-related disability | perceived ability to control pain | perceived stress | psychological disorders | psychological distress | quality of life | somatization | stress-related variables,biopsychosocial model | central sensitization | central sensitization cs | dynamic model of the bidirectional relationship between psychological distress and tmd pain | grade approach | iaspicd-11 definition of chronic pain,measurementmismatch | mechanisticabsence | missingsocial | parallellistingwithoutintegration | vaguedefinition
F003_41868689,elaborated,elaborated,elaborated,mechanistic,mechanistic,none,mechanistic,musculoskeletal,systematic review,balanced,true_integrative,1,partial,include,3,supporting,yes,yes,yes,no,yes,yes,yes,yes,yes,0.47223333333333334,26.666666666666668,acceptance and commitment therapy | anxiety | biomedical beliefs | clinicianpatient relationship | cognitive behavioral therapy | depression | health literacy competencies | kinesiophobia | maladaptive beliefs | pain catastrophizing | pain education | patient engagement | personal relevance | provider confidence and role clarity | psychological assessments | thoughts beliefs and emotions | trust,acceptance and commitment therapy and cognitive behavioral therapy | biomedical model | biopsychosocial model | biopsychosocial modelframework | conqual approach | jbi meta-aggregation approach | meta-ethnography | pain neurophysiology | pain neuroscience education,constructoverlap | measurementmismatch | mechanisticabsence | missingsocial | parallellistingwithoutintegration | tokenisticbps | vaguedefinition
F004_41492309,elaborated,elaborated,mentioned,mechanistic,mechanistic,mentioned,partial,musculoskeletal,systematic review,dyadic,multifactorial,2,partial,include,3,core,yes,yes,yes,yes,yes,yes,yes,yes,yes,0.4305666666666667,26.333333333333332,adherence | affective terms | anxiety | catastrophizing thoughts | central sensitization | coping strategies | depressive symptoms | expectation management | fear that activity might damage the hip | mental health status | pain catastrophizing | post-traumatic stress disorder | sleep disturbances | sleep quality,biopsychosocial model | grade | pico | prisma 2020 guidelines | quality in prognostic studies,constructoverlap | measurementmismatch | mechanisticabsence | missingsocial | parallellistingwithoutintegration
F005_41058307,elaborated,elaborated,absent,mechanistic,none,none,none,musculoskeletal,umbrella review,psych-dominant,pseudo_bps,2,partial,include,2,core,yes,no,yes,yes,yes,yes,yes,yes,no,0.18053333333333332,25.333333333333332,ability to cope | behavioural therapy | cognitive behavioural therapy | coping | counselling | emotional cognitive and behavioural factors | kinesiophobia | monitoring and avoidance | pain catastrophising | parafunctional behaviour identification | patient education | psychological comorbidities | psychosocial function | relaxation techniques | self-management,biobehavioural approach | biopsychosocial framework | biopsychosocial model | cognitive behavioural therapy,constructoverlap | measurementmismatch | mechanisticabsence | missingsocial | parallellistingwithoutintegration | tokenisticbps | vaguedefinition
F006_41676335,elaborated,elaborated,elaborated,mechanistic,mechanistic,mechanistic,descriptive,mixed_or_other,narrative or expert review,balanced,true_integrative,2,partial,include,3,core,yes,yes,yes,yes,yes,yes,yes,yes,yes,0.8611,31.0,anxiety | avoidance behaviors | bodily vigilance | central sensitization | depression | dissociation | gender dysphoria | hpa axis dysregulation | hyper-awareness of physical sensations | identity concealment | internalized transphobia | minority stress | minority stress model | pain-related distress | positive affect | post-traumatic stress disorder ptsd | ptsd | social withdrawal,biopsychosocial conceptualizations and models of care | biopsychosocial model | gender-affirming care | intersectional framework | minority stress model | participatory and equity-oriented approaches | trauma-informed approaches,measurementmismatch | mechanisticabsence | other
F007_41436105,elaborated,mentioned,mentioned,mechanistic,descriptive,none,mechanistic,mixed_or_other,narrative or expert review,bio-dominant,true_integrative,1,partial,include,3,core,yes,yes,yes,no,yes,yes,yes,yes,yes,0.5555666666666667,28.666666666666668,adverse early life experiences | anxiety | attention levels | catastrophizing | cognitive processing | cognitive-evaluative dimensions | depression | disturbed sleep | expectations | pain catastrophizing | pain-related fear | post-traumatic stress disorder | psychological stress | stress | stressful family environments,avoidance-endurance model | biopsychosocial model of pain | fear-avoidance model of pain | integrated pain adaptation model | pain adaptation model pam | theory of pain-sensorimotor interactions topsmi | vicious cycle theory and pain adaptation model | vicious cycle theory vct,measurementmismatch | mechanisticabsence | missingsocial | other | parallellistingwithoutintegration
F008_41409397,elaborated,elaborated,mentioned,mechanistic,directional,none,partial,mixed_or_other,narrative or expert review,dyadic,pseudo_bps,2,yes,include,3,core,yes,yes,yes,yes,yes,yes,yes,yes,yes,0.375,34.666666666666664,absorption | attention | catastrophizing | coping | coping strategies | dispositional flow | dispositional flow proneness | distraction | emotion regulation | fear-avoidance | fear-avoidanceguarding behaviors | flow | hypervigilance | intrinsic motivation | intrinsic reward | mindfulness | openness to experience | positive affect | reward | rumination | self-referential processing,biopsychosocial framework | cognitive-affective models | default mode network dmn hypothesis | descending pain modulatory systems | fear-avoidance model | flow-induced analgesia | flow-induced analgesia fia | hypofrontality hypothesis | motivational-affective frameworks,measurementmismatch | mechanisticabsence | missingsocial | other | tokenisticbps | vaguedefinition
F009_41356326,elaborated,mentioned,absent,directional,none,none,none,musculoskeletal,meta-analysis,bio-dominant,pseudo_bps,3,no,include,3,core,yes,no,yes,yes,yes,yes,yes,yes,no,0.3333333333333333,28.333333333333332,adherence | anxiety | confidence in movement | emotional responses | fear-avoidance | fear-avoidance beliefs | fear-avoidance beliefs related to physical activity | kinesiophobia | meaning | mood | pain catastrophizing | pain-related beliefs | patient interpretation | perceived safety | perceived threat | psychological engagement | self-efficacy,biomechanical lens | biopsychosocial bps model | biopsychosocial model | fear-avoidance model | fitness-fatigue model | pain monitoring model | populationinterventioncomparisonoutcome framework,measurementmismatch | mechanisticabsence | missingsocial | parallellistingwithoutintegration | tokenisticbps | vaguedefinition
F010_41221343,elaborated,mentioned,minimal,directional,descriptive,none,partial,musculoskeletal,narrative or expert review,bio-dominant,pseudo_bps,2,no,include,3,core,yes,yes,yes,no,yes,yes,yes,yes,yes,0.4583666666666666,23.0,affective manifestations | catastrophizing | maladaptive coping | maladaptive coping strategies | mood disturbances | pain perception | psychological care | psychological strategies | psychological stress | stress,biopsychosocial framework | biopsychosocial model | central sensitization models | integrated hypothesis | integrative conceptual model | multimodal pain-management frameworks | muscle-centric models,constructoverlap | measurementmismatch | mechanisticabsence | missingsocial | parallellistingwithoutintegration | vaguedefinition
F011_41146083,mentioned,mentioned,elaborated,none,descriptive,mechanistic,none,musculoskeletal,scoping or mapping review,social-dominant,pseudo_bps,2,no,include,3,core,yes,no,yes,no,yes,yes,yes,yes,yes,0.40276666666666666,29.666666666666668,anxiety | catastrophizing | chronic stress | cognitive and emotional factors | coping strategies | depression | expectations of recovery | fear of movement | fear-avoidance | mental well-being | perceived stress | personality traits | post-traumatic stress | self-efficacy,areas of worklife model | biopsychosocial bps model | biopsychosocial model | international classification of functioning icf | participatory action research framework | population-concept-context pcc framework | progress conceptual framework | progress framework,constructoverlap | measurementmismatch | mechanisticabsence | missingbiology | missingsocial | parallellistingwithoutintegration | tokenisticbps | vaguedefinition
F012_40624502,mentioned,mentioned,elaborated,none,mechanistic,none,none,mixed_or_other,other evidence synthesis,social-dominant,pseudo_bps,2,no,include,2,core,yes,no,yes,no,yes,yes,yes,yes,yes,0.2361,23.666666666666668,anxiety | depression | emotional experience | emotional pain | emotional traumastress | fear | loneliness | mental health issues | mental pain | psychological consequences | psychological events | psychological impact | stress | trauma,biopsychosocial model of pain | gender as a dynamic and relational social construct | meta-ethnography | social model of transition of gender and multi-tasking | third order constructs,measurementmismatch | mechanisticabsence | missingbiology | missingsocial | parallellistingwithoutintegration | tokenisticbps | vaguedefinition
F013_40470451,mentioned,mentioned,elaborated,mechanistic,directional,none,descriptive,musculoskeletal,systematic review,balanced,true_integrative,1,partial,include,3,core,yes,yes,yes,yes,no,yes,yes,yes,yes,0.3889,24.666666666666668,adverse beliefs about back pain | anxiety | depression | depressive symptoms | emotional functioning | emotional well-being | fear avoidance | mental distress | mental health | mental well-being | pain catastrophizing | pain-related distress | patient satisfaction | poor mental health,biopsychosocial factors | osteopathic principles | patan academy of health sciences pahs model | whole-person approach to patient care,measurementmismatch | mechanisticabsence | missingbiology | parallellistingwithoutintegration | tokenisticbps | vaguedefinition
F014_40300000,mentioned,elaborated,elaborated,none,mechanistic,none,none,mixed_or_other,systematic review,psych-dominant,pseudo_bps,3,yes,include,3,supporting,yes,no,yes,yes,yes,yes,yes,yes,yes,0.2638666666666667,26.666666666666668,active coping | anxiety | cognitive biases | cognitive-behavioural therapy | coping | depression | distress | marital satisfaction | mental health | mental quality of life | operant learning | pain behaviour | pain intensity | pain interference | psychological comorbidities | psychological distress | psychological well-being | quality of life | stress appraisal,biopsychosocial model | iasp definition of pain | main effect model | operant conditioning theory of chronic pain | stress-buffering model,constructoverlap | measurementmismatch | mechanisticabsence | missingbiology | parallellistingwithoutintegration | vaguedefinition
F015_40276470,elaborated,mentioned,absent,directional,none,none,none,mixed_or_other,narrative or expert review,bio-dominant,multifactorial,1,no,include,2,core,yes,no,yes,no,yes,yes,yes,yes,no,0.23609999999999998,24.0,affective circuits | anxiety | cognitive difficulties | cognitive dysfunction | cognitive impairment | concentration difficulties | dizziness | fatigue | frustrated and discouraged | headache | neck pain | short-term memory | short-term memory difficulties | vertigo,basic neurophysiologic principle | biopsychosocial model | brny society classification | deductive inductive and abductive tripartite classification | international classification of headache disorders | myotatic spinal reflexes | somatosensory-auditory interactions | vestibulo-thalamo-cortical activityreflex,measurementmismatch | mechanisticabsence | missingsocial | other | parallellistingwithoutintegration | tokenisticbps | vaguedefinition
F016_40248751,elaborated,mentioned,mentioned,mechanistic,mechanistic,mechanistic,descriptive,musculoskeletal,narrative or expert review,bio-dominant,true_integrative,1,partial,include,3,core,yes,yes,yes,no,yes,yes,yes,yes,yes,0.6527666666666666,35.333333333333336,adherence | anxiety | behavioral change | cognitive processing | cognitive processing pathways | emotional and physical barriers | emotional processing | emotional processing areas | expectations | fatigue | habits | health literacy | mental health | mind-body stress reduction | mindfulness meditation | nonadherence | pain experience | pain pathways | pain perception | pain sensitivity | pain thresholds | pain tolerance | pain-related drug use | relapses | relaxation techniques | significant lifestyle changes | stress | stress management | well-being,biopsychosocial model of pain | integrative medicine | interventional pain medicine | lifestyle medicine,measurementmismatch | mechanisticabsence | missingbiology | missingsocial | other | parallellistingwithoutintegration | vaguedefinition
F017_40101218,mentioned,mentioned,mentioned,none,none,none,none,mixed_or_other,systematic review,balanced,true_integrative,1,no,include,3,supporting,no,no,yes,no,yes,yes,yes,yes,yes,0.25,26.666666666666668,anxiety | beliefs about pain | catastrophizing | catastrophizing pain | demoralization | depression | excessive thoughts feelings or behaviors related to somatic symptoms | global quality of life | irritable mood | mental disorders | motivation | negative affect | positive affect | sadness | significant emotional distress | sleep problems,biopsychosocial model | diagnostic criteria for psychosomatic research | dsm-5-tr somatic symptom and related disorders | feinstein clinimetrics | feinstein clinimetrics and macro-analysis | icd-11 | icd-11 chronic primary pain | whipple all-under-one-roof principle,measurementmismatch | mechanisticabsence | missingbiology | missingsocial | parallellistingwithoutintegration | tokenisticbps | vaguedefinition
F018_39326720,mentioned,elaborated,elaborated,directional,mechanistic,mechanistic,partial,musculoskeletal,narrative or expert review,balanced,multifactorial,2,partial,include,3,core,yes,yes,yes,yes,yes,yes,yes,yes,yes,0.6666666666666666,29.0,anxious or depressed mood | catastrophizing | cognitive restructuring | cognitive skill training | coping behaviors | fear avoidance | fear avoidance beliefs | health literacy | locus of control | maladaptive pain beliefs | moodaffect | motivational interviewing | pain catastrophizing | pain-related anxiety | psychological distress | psychological flexibility | self-efficacy | therapeutic alliance,acceptance and commitment therapy | acceptance and commitment therapy act | cognitive behavioral therapy | cognitive behavioral therapy cbt | cognitive functional therapy | engels biopsychosocial model | engels biopsychosocial model of healthcare | intervention logic model | motivational interviewing mi | psychologically informed physical therapy pipt,measurementmismatch | mechanisticabsence | missingbiology | missingsocial | parallellistingwithoutintegration | tokenisticbps | vaguedefinition
F019_39834401,elaborated,elaborated,mentioned,directional,directional,none,partial,musculoskeletal,scoping or mapping review,dyadic,pseudo_bps,2,partial,include,3,core,yes,yes,yes,yes,yes,yes,yes,yes,yes,0.40276666666666666,30.333333333333332,affect | affect balance style | anxiety | cognitive function | coping factors | depression | dispositional trait styles | emotional distress | emotional regulation | fear avoidance | lonelinesssocial anxiety | moodemotion | negative affect | negative affect na | positive affect | positive affect pa | quality of life | self-efficacy | stress,biopsychosocial framework of chronic pain | conceptual framework of exercise affective changes neuroinflammation and exercise adherence | nia health disparities framework | prisma-scr,measurementmismatch | mechanisticabsence | missingsocial | parallellistingwithoutintegration | tokenisticbps | vaguedefinition
F020_39652850,elaborated,mentioned,absent,descriptive,none,none,none,mixed_or_other,scoping or mapping review,bio-dominant,multifactorial,1,no,include,2,core,yes,no,yes,no,no,yes,yes,yes,no,0.06943333333333333,22.0,acceptance | acceptance of sleep difficulties | activation | anxiety | depression | disease-related knowledge | engagement | health status | mental health domain scores | motivation | physical activity | quality of life | satisfaction | self-care management | self-efficacy | self-management | stress,joanna briggs institute guidelines | mixed methods appraisal tool mmat | population intervention comparator and outcome framework | prisma-scr,measurementmismatch | mechanisticabsence | missingsocial | parallellistingwithoutintegration | tokenisticbps | vaguedefinition
F021_39639261,mentioned,elaborated,elaborated,directional,descriptive,none,none,musculoskeletal,narrative or expert review,dyadic,true_integrative,1,partial,include,3,core,yes,no,yes,yes,yes,yes,yes,yes,yes,0.31943333333333335,31.666666666666668,anxiety | anxiety or depression | catastrophising | childhood trauma | cognitive behaviour therapy | depression | depressive symptoms | health literacy | kinesiophobia | maladaptive pain cognitions | mindfulness | pain catastrophising | pain coping | psychological resilience | risk perceptions and readiness for surgery | self-efficacy | somatisation | stigma | therapeutic alliance,biopsychosocial model | cyclical or staged approach | enhanced recovery pathways | mobilise | patient-centred care | shared decision making | world health organisation approach | world health organisation approach to defining and classifying health and well-being,measurementmismatch | mechanisticabsence | missingbiology | other | parallellistingwithoutintegration | vaguedefinition
F022_39468650,elaborated,elaborated,mentioned,directional,mentioned,none,none,musculoskeletal,scoping or mapping review,dyadic,pseudo_bps,2,partial,include,3,core,yes,no,yes,yes,yes,yes,yes,yes,yes,0.25,30.0,affective distress | alexithymia | anger | anxiety | catastrophizing | cognitive appraisal | depression | illness perception | kinesiophobia | mood disorders | negative emotions | pain catastrophizing | psychological distress | quality of life | social support | somatic symptoms | suicidal risk | suicide risk,biopsychosocial burden | biopsychosocial model | central sensitization | chronic primary pain | iasp chronic primary pain classification | peters et al and pham et al scoping review framework | somatosensory profile continuum | somatosensorymusculoskeletal pain continuum,measurementmismatch | mechanisticabsence | missingsocial | parallellistingwithoutintegration | tokenisticbps | vaguedefinition
F023_39200209,elaborated,elaborated,mentioned,mechanistic,mechanistic,mechanistic,mechanistic,musculoskeletal,narrative or expert review,dyadic,true_integrative,2,partial,include,3,core,yes,yes,yes,yes,yes,yes,yes,yes,yes,0.8611,34.333333333333336,alexithymia | anxiety | attachment system | catastrophizing | coping style | depression | emotional dysregulation | emotional regulation | insecure attachment | pain-related fear | ptsd | secure attachment | self-esteem | soothing system | threat system,affective touch hypothesis  affective system c | attachment theory | attachment-diathesis model of chronic pain | attachment-diathesis models of chronic pain | biopsychosocial model of chronic pain syndromes | early trauma model | fibromyalgia imbalance of threat and soothing systems | hyland model | hyland model body reprogramming,measurementmismatch | mechanisticabsence | missingsocial | other | parallellistingwithoutintegration | vaguedefinition
F024_39073865,mentioned,elaborated,mentioned,directional,directional,none,partial,musculoskeletal,scoping or mapping review,psych-dominant,multifactorial,2,no,include,3,supporting,yes,yes,yes,no,yes,yes,yes,yes,yes,0.2916666666666667,30.333333333333332,activity pacing | anxiety | cognitive functioning | coping | depressive symptoms | goal setting | illness representation | kinesiophobia | mindfulness | mindfulness and self-compassion skills | pain acceptance | pain catastrophizing | pain self-efficacy | perceived self-efficacy | positive thinking | resilience | self-awareness of responses to pain | self-compassion | self-determination | self-determinative autonomy competence and relatedness needs satisfaction and frustration | self-determinative needs satisfaction | self-efficacy,biopsychosocial model | biopsychosocial model of chronic pain | jbi methodology | nice guideline for chronic pain | population concept context framework | prisma-scr guidelines,measurementmismatch | mechanisticabsence | missingsocial | parallellistingwithoutintegration | tokenisticbps | vaguedefinition
F025_41188763,elaborated,elaborated,elaborated,directional,mechanistic,mechanistic,descriptive,mixed_or_other,narrative or expert review,bio-dominant,multifactorial,2,partial,include,3,core,yes,yes,yes,yes,yes,yes,yes,yes,yes,0.6527666666666666,29.0,activity avoidance | anxiety | anxiety for bodily experiences | attentional biases | attentional biases for pain experiences | depression | effortful control | emotion regulation | fear of pain | internalizing symptoms | pain catastrophizing | pain-related anxiety | physical activity | rumination | sleep problems | social support,developmentally-oriented biopsychosocial model | developmentally-oriented biopsychosocial modelperspective | equifinality | nociplastic pain mechanisms | nociplastic pain model | pubertal statustimingtempo framework | sex as a biological variable policy,constructoverlap | measurementmismatch | mechanisticabsence | parallellistingwithoutintegration | vaguedefinition
F026_40868970,mentioned,elaborated,mentioned,directional,descriptive,none,descriptive,mixed_or_other,narrative or expert review,psych-dominant,true_integrative,1,partial,include,3,core,yes,yes,yes,no,yes,yes,yes,yes,yes,0.5139,40.333333333333336,anxiety | attentional bias | catastrophic interpretations | catastrophizing | chronic pain | cognitive anxiety | depression | dissociation | dissociative disorders | emotional dysregulation | fatigue | health-related anxiety | illness beliefs | interpersonal difficulties | maladaptive cognitive styles | metacognitive disruption | personality disorders | poor coping mechanisms | ptsd | self-monitoring | trauma | trauma  early-life adversity,biopsychological model of fnd | biopsychosocial model | central sensitivity syndromes | default mode network model | integrative model | limbic-motor interface model | multidisciplinary care model | network connectivity models | neural network dysfunction model | psychodynamic review | salience network model | stepped-care model | stress-related model of fcd,measurementmismatch | mechanisticabsence | missingbiology | missingsocial | other | parallellistingwithoutintegration | vaguedefinition
F027_41783653,elaborated,elaborated,mentioned,directional,directional,directional,partial,mixed_or_other,systematic review,psych-dominant,multifactorial,2,partial,include,3,supporting,yes,yes,yes,no,yes,yes,yes,yes,yes,0.5555666666666667,29.333333333333332,anxiety | depression | depression or depressive symptoms | emotional distress | insomnia | mental health problems in pregnancy | neuroticism | neuroticism personality traits | pain catastrophizing | postpartum depression | psychological adjustment | psychological resilience | psychological resources | psychosocial well-being | self-efficacy,biopsychosocial models of postpartum recovery | international classification of functioning disability and health icf | international classification of functioning disability and health icf framework,measurementmismatch | missingsocial | parallellistingwithoutintegration | tokenisticbps | vaguedefinition
F028_42403485,elaborated,mentioned,mentioned,directional,none,none,none,mixed_or_other,narrative or expert review,bio-dominant,pseudo_bps,3,partial,include,3,supporting,yes,no,yes,yes,yes,yes,yes,yes,yes,0.22223333333333337,25.666666666666668,acute stress responses | anxiety | attentional engagement | catastrophic thinking | cognitive profile | cybersickness and derealization | digital addiction | distraction | distraction effect | emotional regulation | negative affect | pain-related self-efficacy | procedural familiarity | psychological distress | sense of presence | subjective preferences,biopsychosocial dimensions | biopsychosocial model | brainwave entrainment | cognitive behavioral therapy cbt | enhanced recovery after surgery eras | neuro-endocrine-immune networks | personalized and precision medicine paradigms,measurementmismatch | mechanisticabsence | missingsocial | parallellistingwithoutintegration | tokenisticbps | vaguedefinition
F029_41930351,elaborated,elaborated,mentioned,mechanistic,directional,mentioned,partial,mixed_or_other,narrative or expert review,bio-dominant,multifactorial,2,partial,include,3,core,yes,yes,yes,no,yes,yes,yes,yes,yes,0.3333333333333333,31.666666666666668,act | anxiety | avoidance behaviors | behavioral responses | catastrophizing | cbt | cbt-p | cognitive appraisals | depression | emotional distress | fear-avoidance | fear-avoidance behaviors | hypervigilance | life stressors | low mood | mbsr | negative pain memories | pain-related fear | psychological flexibility | self-efficacy | stress,biopsychosocial model | bottom-uptop-down nociplastic pain framework | central sensitization | gate control theory | hippocampus-hypothalamus higher-dimensional information model | pathophysiological subtyping and precision medicine framework | psychological therapy frameworks cbt act mbsr,measurementmismatch | mechanisticabsence | missingsocial | parallellistingwithoutintegration | vaguedefinition
F030_41897178,elaborated,elaborated,elaborated,mechanistic,directional,descriptive,mechanistic,mixed_or_other,integrative review,balanced,true_integrative,2,partial,include,3,core,yes,yes,yes,no,yes,yes,yes,yes,yes,0.8333333333333334,32.333333333333336,affective disorders | anxiety | catastrophizing | cognitive vulnerability | coping capacity | coping strategies | depression | emotional dysregulation | fear-avoidance | frustration | helplessness | kinesiophobia | maladaptive cognitive responses | maladaptive coping | maladaptive coping strategies | pain catastrophizing | resilience | self-efficacy,biopsychosocial model | fear-avoidance model | person exposure outcome framework | self-care and adaptation models | whittemore and knafl framework,measurementmismatch | mechanisticabsence | missingsocial | other | parallellistingwithoutintegration
F031_41271275,mentioned,elaborated,mentioned,mechanistic,directional,directional,mechanistic,mixed_or_other,narrative or expert review,psych-dominant,true_integrative,1,partial,include,3,core,yes,yes,yes,yes,yes,yes,yes,yes,yes,0.625,31.666666666666668,adaptation | agency trust and adherence | avoidance | catastrophizing | coaching strategies pacing graded exposure and flare-up plan | coping | expectations | fear | fear-avoidance | fear-avoidance model | mood | motivational interviewing | nocebo effects | placebo and nocebo effects | placebo effects | self-efficacy | stress sleep emotions cognition and behavior | therapeutic alliance | therapeutic and pain-affirming language,biopsychosocial model | choosing wisely movement | fear-avoidance model | misdirected problem-solving model | motivational interviewing | pain-movement interface,measurementmismatch | mechanisticabsence | missingsocial | parallellistingwithoutintegration | tokenisticbps | vaguedefinition
F032_41412623,mentioned,mentioned,mentioned,none,descriptive,none,none,mixed_or_other,systematic review,psych-dominant,multifactorial,2,no,include,2,core,yes,no,yes,yes,no,yes,yes,yes,yes,0.20833333333333334,18.333333333333332,anxiety | catastrophising | catastrophizing | depression | mental health | mental well-being | pain catastrophising | patient satisfaction,biopsychosocial phenomenon | composite outcomes | grading of recommendations assessment development and evaluations approach | preferred reporting items for systematic review and meta-analysis prisma protocols 2015,measurementmismatch | mechanisticabsence | missingbiology | parallellistingwithoutintegration | tokenisticbps | vaguedefinition
F033_41324834,mentioned,elaborated,elaborated,directional,mechanistic,directional,mechanistic,mixed_or_other,narrative or expert review,psych-dominant,true_integrative,1,partial,include,3,core,yes,yes,yes,yes,yes,yes,yes,yes,yes,0.7639,32.0,anxiety depression insomnia and suicidal ideation | catastrophizing | coping capacity | gender affirmation | gender euphoria | hypervigilance | internalizing symptoms | minority stress | pain acceptance | pain interference | pain-related fear | psychological distress | resilience | self-harm | self-regulation | trauma-informed care,biopsychosocial model | ecological systems model | ecological-systems model | gender minority stress and resilience gmsr model | gender minority stress and resilience model | intersectionality | minority stress model | socio-ecological theory | trauma-informed care | trauma-informed care tic,measurementmismatch | mechanisticabsence | missingbiology | other | parallellistingwithoutintegration | vaguedefinition
F034_41268985,mentioned,elaborated,absent,mechanistic,none,none,none,mixed_or_other,scoping or mapping review,psych-dominant,pseudo_bps,2,no,include,1,core,yes,no,yes,no,yes,yes,yes,yes,no,0.20833333333333334,31.0,acceptance | accommodative coping | affective distress | anxiety | autonomy | catastrophizing | crisis of meaning | death anxiety | depression | existential concerns | existential isolation | freedom | life satisfaction | meaning in life | meaningfulness | pain acceptance | pain catastrophizing | pain self-efficacy | quality of life | self-concept clarity | self-efficacy | self-identity | spirituality,accommodative coping approach | biopsychosocial approach | biopsychosocial model | cbt | cognitive-behavioral therapy | cognitive-behavioral therapy cbt | existentialism | person-centered treatment | third-wave accommodative approaches,constructoverlap | measurementmismatch | missingbiology | missingsocial | parallellistingwithoutintegration | tokenisticbps | vaguedefinition
F035_41153499,mentioned,elaborated,elaborated,directional,mechanistic,none,partial,mixed_or_other,systematic review,psych-dominant,true_integrative,1,partial,include,3,supporting,yes,yes,yes,yes,yes,yes,yes,yes,yes,0.5,29.666666666666668,anxiety | beliefs and attitudes | catastrophizing | depression | emotion regulation | fear of pain | fear-avoidance | fearavoidance cycle | kinesiophobia | kinesiophobia  fear of movement | mood | pain coping | pain coping  coping strategies | pain understanding  pain-related knowledge | pain-related knowledge | protective behavior  overprotective responses | self-blame | self-efficacy,biopsychosocial framework | biopsychosocial model | cognitive behavioral therapy cbt | fear-avoidance model | fearavoidance cycle | pain neuroscience education pne | pedimmpact | repeated exposure learning theory,measurementmismatch | mechanisticabsence | missingbiology | missingsocial | parallellistingwithoutintegration | tokenisticbps
F036_41105043,elaborated,mentioned,absent,mechanistic,none,none,none,mixed_or_other,narrative or expert review,bio-dominant,pseudo_bps,2,no,include,2,supporting,yes,no,yes,no,yes,yes,yes,yes,no,0.18056666666666668,24.666666666666668,affective-motivational dimensions of pain | anxiety | attentional effect | beliefs about bodily health | cognitive impairment | depression | expectations influenced by placebo and nocebo effects | fear memories | motivation | negative emotional factors | negative mood | nocebo effects | pain perception | pain-related worrying | placebo effect | reward | stress | subjective pain perception,biopsychosocial model | pain matrix | predictive processing | systems-level neurobiology | thalamocortical systems  traditional tripartite model,mechanisticabsence | missingsocial | parallellistingwithoutintegration | tokenisticbps | vaguedefinition
F037_40731802,elaborated,elaborated,elaborated,directional,directional,directional,descriptive,mixed_or_other,narrative or expert review,balanced,multifactorial,2,partial,include,3,core,yes,yes,yes,yes,yes,yes,yes,yes,yes,0.6111,32.333333333333336,activity engagement | andronormativity | anxiety | catastrophizing | cognitive behavioral therapy cbt | coping strategies | cultural roles | depression | gender | gender biases | masculine traits and femininity scores | mental health | mental health index | mindfulness-based stress reduction mbsr acceptance and commitment therapy act | pain acceptance | pain acceptance and activity engagement | pain tolerance | quality of life | social support,biopsychosocial model | biopsychosocial model of care | international association for the study of pain pain definition | mindfulness-based stress reduction mbsr acceptance and commitment therapy act | operant-behavioral therapy cognitive behavioral therapy cbt | precision medicine | sex as a biological variable policy | sex as a biological variable sabv,constructoverlap | measurementmismatch | mechanisticabsence | parallellistingwithoutintegration | vaguedefinition
F038_40589056,elaborated,elaborated,mentioned,directional,directional,none,none,musculoskeletal,narrative or expert review,dyadic,pseudo_bps,2,no,include,3,supporting,yes,no,yes,no,yes,yes,yes,yes,yes,0.34723333333333334,27.0,anxiety | cbt | cognitive behavioral therapy | cognitive impairment | cognitive impairments | cognitive processes | depression | emotional impairments | mood and personality | ptsd | sleep disturbance | social support | stress response | suicidal ideation | suicidal tendencies,biopsychosocial approach | cognitive behavioral therapy | cognitive processing therapy and prolonged exposure therapy | integrative medicine and interdisciplinary multimodal care | multi-trauma care system  polytrauma system of care | polytrauma clinical triad pct,constructoverlap | mechanisticabsence | missingsocial | parallellistingwithoutintegration | tokenisticbps | vaguedefinition
F039_40566105,elaborated,elaborated,elaborated,mechanistic,mechanistic,mechanistic,descriptive,mixed_or_other,narrative or expert review,balanced,true_integrative,2,partial,include,3,core,yes,yes,yes,yes,yes,yes,yes,yes,yes,0.8472,32.666666666666664,coping strategies | faulty pain cognitions | intrinsic motivation | kinesiophobia | locus of control | nocebo | opioid dependence  opioid use disorder oud | pain beliefs | pain catastrophizing | pne | readiness to change | self-efficacy | stoicism | stress fear and anxiety | trust in provider,biopsychosocial model engel | bronfenbrenners ecological systems theory | ecological systems theory bronfenbrenner | engels biopsychosocial model | general systems theory | general systems theory von bertalanffy | health belief model | learning frameworks for pne | transtheoretical model | von bertalanffys general systems theory,measurementmismatch | mechanisticabsence | other | parallellistingwithoutintegration | vaguedefinition
F040_40563913,elaborated,mentioned,absent,mechanistic,none,none,none,mixed_or_other,scoping or mapping review,bio-dominant,pseudo_bps,3,partial,include,3,supporting,yes,no,yes,yes,yes,yes,yes,yes,no,0.2916666666666667,27.666666666666668,anxiety and depression | avoidance | catastrophizing | cognitive perception | cue reactivity | emotional regulation | fear-avoidance | fear-avoidance model | hypervigilance | interoceptive sensibility | negative self-conceptnegative beliefs about oneself | perceived life control | perceptual fear response | psychological control | psychological reserve | relationshipinterpersonal problems,activationinhibition coordination | biopsychosocial model | dangelo and jirsa multiscale model | dsm-5-tr diagnostic framework | fear-avoidance model | young integrated model of causality of behavior and psychopathology,measurementmismatch | mechanisticabsence | missingsocial | other | parallellistingwithoutintegration | tokenisticbps | vaguedefinition
F041_40522393,elaborated,elaborated,mentioned,mechanistic,none,none,partial,musculoskeletal,narrative or expert review,dyadic,pseudo_bps,3,partial,include,3,supporting,yes,yes,yes,yes,yes,yes,yes,yes,yes,0.3333333333333333,27.0,achtsamkeit | angst-schmerz-kreislauf | angst-schmerz-vermeidungs-zyklus | depressionen  psychische erkrankungen | dysfunktionale berzeugungen | emotionale konflikte  belastende ereignisse  emotionale auslser | emotionale verarbeitung | hoffnung  positive behandlungserwartung | katastrophisieren | kognitive umstrukturierung | neuroplastizitt | perfektionismus  selbstkritik | schmerzakzeptanz | schmerzbezogene angst | schmerzedukation | selbstmitgefhl | selbstwirksamkeit | stress | vermeidungsverhalten | vermeidungsverhalten  bewegungsvermeidung,act mbsr und get | angst-schmerz-vermeidungs-zyklus | biopsychosoziales modell | emotional awareness and expression therapy eaet | graded exposure therapy get | neuroplastizitt | noziplastischer schmerzmechanismus | pain reprocessing therapy prt | pain science education pse,measurementmismatch | mechanisticabsence | missingsocial | parallellistingwithoutintegration | tokenisticbps | vaguedefinition
F042_40508951,mentioned,elaborated,mentioned,directional,none,none,none,mixed_or_other,narrative or expert review,psych-dominant,pseudo_bps,3,partial,include,3,core,yes,no,yes,yes,yes,yes,yes,yes,yes,0.26389999999999997,33.0,adherence | attention | cognitive impairments | depression and anxiety | engagement and motivation | executive function | fear of movement | learning | learning and memory | memory | negative affect | neurocognitive functions | pain interference | pain-related anxiety | pain-related cognition | pain-related worries | perceptual-motor function | processing speed | response inhibition | selective attention | selective attention response inhibition and processing speed | self-regulation of pain and emotion,biopsychosocial phenomenon | close-loop perception theory | diagnostic and statistical manual of mental disorders 5th edition dsm-5 | international classification of diseases icd-11 | transdiagnostic approach | triple network model,measurementmismatch | mechanisticabsence | missingsocial | parallellistingwithoutintegration | tokenisticbps | vaguedefinition
F043_40495824,elaborated,mentioned,mentioned,mechanistic,descriptive,mechanistic,descriptive,mixed_or_other,narrative or expert review,bio-dominant,true_integrative,1,no,include,3,core,yes,yes,yes,no,yes,yes,yes,yes,yes,0.4444333333333333,29.0,anxiety | behavioral factors | beliefs | catastrophizing | cognitive factors | cognitive-behavioral therapy | coping | depression | emotions | expectations | fear of movement | mindfulness | psychoemotional profile | psychoemotional stimuli | stress management,bio-psycho-social model | biomedical model | cellular inflammation theory | functional model | functional model functional medicine | gate theory | terrain theory | terrain theory claude bernard,measurementmismatch | mechanisticabsence | missingbiology | missingsocial | parallellistingwithoutintegration | vaguedefinition
F044_40473903,mentioned,mentioned,absent,directional,none,none,none,musculoskeletal,scoping or mapping review,psych-dominant,pseudo_bps,2,no,include,1,core,yes,no,yes,no,yes,yes,yes,yes,no,0.16666666666666666,26.333333333333332,anxiety | catastrophizing | coping | depression | distress | emotions and feelings | emptiness | fear | hope | hopelessness | meaning | meaning  purpose in life | positive affectivity | psychological well-being | stress | suffering,biopsychosocial model | biopsychosocialspiritual model | biopsychosocialspiritual perspective of pain | broad and narrow definitions of spirituality | jean watsons theory | theory of human caring | theory of human caring jean watson,constructoverlap | measurementmismatch | mechanisticabsence | missingbiology | missingsocial | parallellistingwithoutintegration | tokenisticbps | vaguedefinition
F045_39629040,elaborated,mentioned,absent,mechanistic,none,none,none,neuropathic,narrative or expert review,bio-dominant,pseudo_bps,2,no,include,1,core,yes,no,yes,no,yes,yes,yes,yes,no,0.19446666666666665,21.333333333333332,affect | anxiety | attention | behavioral changes | behavioral regulation | cognitive deficits | cognitive processes | cognitive state | depression | depressive symptoms | emotional aspects of pain | emotional state | emotions | memory and concentration | mood | mood alterations | past experiences | sleep disturbances,analgesic ladder | biopsychosocial model | biopsychosocial models | gate control theory of pain | precision medicine framework,mechanisticabsence | missingbiology | missingsocial | parallellistingwithoutintegration | tokenisticbps | vaguedefinition
F046_39624230,elaborated,elaborated,elaborated,mechanistic,mechanistic,mechanistic,descriptive,mixed_or_other,narrative or expert review,balanced,true_integrative,2,partial,include,3,core,yes,yes,yes,yes,yes,yes,yes,yes,yes,0.7222,34.0,allostasis | allostatic load | anxiety | catastrophizing | coping abilitycoping mechanisms | depression | fear avoidance | fear conditioning | fear-avoidance | hypervigilance | kinesiophobia | mindfulness-based interventions | negative affectivity | negative appraisal | pain anticipation | pain catastrophizing | pain hypervigilance | psychological flexibility | rumination,allostasis and allostatic load | allostatic loadallostasis | biopsychosocial factors | communal coping model | communal coping model ccm | fear-avoidance model | pain matrix | pain matrix melzack and casey garcia-larrea and peyron | three-tier pain matrix | yellow flag system,measurementmismatch | mechanisticabsence | parallellistingwithoutintegration | vaguedefinition
F047_39338018,mentioned,elaborated,mentioned,directional,directional,directional,descriptive,mixed_or_other,narrative or expert review,psych-dominant,multifactorial,2,partial,include,3,core,yes,yes,yes,yes,yes,yes,yes,yes,yes,0.5694333333333333,32.333333333333336,angerfrustration | anxiety | anxiety and depression | attitudes | beliefs | catastrophizing | cognitive-behavioral therapy | coping strategies | depressed mood | depression | expectations | fear | fear-avoidance | hopeoptimism | pain impairment relationship scale pairs | pain information and belief questionnaire pibq | psychological and behavioral health factors | psychological distress | self-efficacy | spirituality | spiritualityreligious beliefs,biomedical model | biopsychosocial model | cognitivebehavioral therapy cbt | iasp revised definition of pain | icd-11 classification | multidisciplinary biopsychosocial rehabilitation,mechanisticabsence | missingbiology | other | parallellistingwithoutintegration | vaguedefinition
