record_id,year,review_type,Central Sensitization and Neuroplasticity,Musculoskeletal and Structural Pathology,Pharmacological and Biomedical Treatment,Sleep Disruption and Circadian Dysregulation,Immune Inflammatory and Neuroinflammatory Processes,Genetic Epigenetic and Biological Vulnerability,Neuroimaging Brain Structure and Function,Nociceptive Transmission and Pain Pathways,Physical Function Mobility and Deconditioning,Metabolic Nutritional and Hormonal Factors,Catastrophizing and Negative Cognitive Appraisal,Fear Avoidance and Pain Related Fear,Depression Emotional Distress and Affect,Anxiety and Psychological Reactivity,Self Efficacy Control Beliefs and Perceived Mastery,Acceptance Psychological Flexibility and Mindfulness,Pain Coping Strategies and Adjustment,Attention Vigilance and Pain Processing,Illness Beliefs Pain Representations and Meaning,Cognitive Behavioral and Psychotherapeutic Approaches,Third Wave Therapies ACT and Contextual Approaches,Resilience Positive Psychology and Post Traumatic Growth,Identity Self Concept and Chronic Pain Biography,Trauma Adverse Childhood and Life Events,Personality Psychological Traits and Individual Differences,Cognitive Function Executive Processes and Brain Health,Motivational Processes Goal Pursuit and Engagement,Healthcare Seeking Treatment Adherence and Engagement,Emotional Regulation and Pain Affect Processing,Mental Health Comorbidity and Psychological Wellbeing,Social Support Network and Interpersonal Resources,Work Disability Occupational Function and Productivity,Family Caregiver and Household Dynamics,Socioeconomic Status and Health Inequity,Healthcare Access Navigation and System Factors,Cultural Ethnic and Demographic Context,Community Participation and Social Role Functioning,Legal Compensation and Medicolegal Systems,Health Literacy Education and Patient Empowerment,Stigma Social Isolation and Exclusion,Return to Work Vocational Rehabilitation and Employment,Social Determinants of Pain and Environment
pubmed_10908542,2000.0,systematic review,0.034281418,0.035741106,0.035404954,0.031987567,0.032895077,0.03265591,0.033250913,0.030880578,0.034986123,0.033816375,0.01591011,0.0154397255,0.015858663,0.016150793,0.016190624,0.01639654,0.016778246,0.016329685,0.016107114,0.017267518,0.017107788,0.016999498,0.016006768,0.016296413,0.016202472,0.016705811,0.01642004,0.017267926,0.016266372,0.016997874,0.02778953,0.029372917,0.02649435,0.02758778,0.027953615,0.027578471,0.02822577,0.028454768,0.027261814,0.027450843,0.029994205,0.0272359
pubmed_19160209,2009.0,systematic review,0.034192394,0.03572494,0.035576355,0.03220526,0.03297095,0.032687854,0.033169523,0.030933399,0.035077214,0.033862088,0.01594584,0.015533184,0.015929135,0.01617568,0.01613627,0.016507674,0.016770255,0.016368765,0.016080964,0.0173378,0.017194334,0.016913202,0.015969355,0.016324991,0.01610503,0.016741704,0.01642159,0.017342279,0.016263468,0.017038478,0.027641753,0.029371265,0.02635377,0.027461832,0.027806805,0.027481979,0.028100165,0.028423306,0.027191676,0.027559863,0.030084498,0.027023142
pubmed_40170347,2025.0,scoping or mapping review,0.03319346,0.032618944,0.03457533,0.031569935,0.03283553,0.031576626,0.032307178,0.032277465,0.032626532,0.033719,0.017161941,0.01686192,0.017326621,0.016847163,0.016341744,0.017077297,0.017864171,0.017692583,0.017043035,0.01849694,0.018609066,0.017053207,0.016578477,0.017059118,0.017172825,0.017619241,0.017565992,0.018294068,0.017831547,0.017903045,0.0269061,0.026239347,0.026344262,0.025860183,0.028852144,0.027851341,0.027279304,0.027469894,0.028355543,0.02593536,0.025289787,0.027816722
pubmed_28371175,2017.0,narrative or expert review,0.03482547,0.037315696,0.03681393,0.033509456,0.034174103,0.03315658,0.032925345,0.032492805,0.03685043,0.035636216,0.01613491,0.016714236,0.016446324,0.01644485,0.016341263,0.016926317,0.017373957,0.016945008,0.016350249,0.017922247,0.017720755,0.016478138,0.016815063,0.016256941,0.016087163,0.016965931,0.017280957,0.017500412,0.016910696,0.01728454,0.025443874,0.02677723,0.025731899,0.025423706,0.026662834,0.027137283,0.027194612,0.026574854,0.026231691,0.025997074,0.02542125,0.026803734
pubmed_35434749,2022.0,narrative or expert review,0.03729999,0.035205692,0.03656791,0.03327039,0.037544403,0.035249446,0.03518056,0.03825896,0.033454884,0.03576777,0.015972678,0.016459536,0.016253343,0.016328294,0.015431214,0.016065834,0.016734447,0.017461047,0.016778713,0.017254744,0.017462883,0.016452538,0.016437463,0.016922861,0.016707774,0.016398972,0.016979532,0.016883854,0.017484419,0.016329885,0.025503566,0.024884002,0.025239833,0.024845576,0.0269715,0.026054857,0.025833264,0.027036708,0.0258812,0.025807533,0.024591561,0.026750397
pubmed_7866373,1994.0,narrative or expert review,0.032876547,0.03392831,0.033736855,0.030944513,0.032414827,0.032337945,0.032848038,0.032123383,0.03428724,0.03330234,0.016765788,0.016645309,0.016963366,0.016632311,0.015807465,0.016552493,0.017134093,0.016702892,0.017753158,0.017171262,0.016947111,0.016385978,0.016912494,0.016547905,0.017153718,0.016839232,0.016555822,0.017520046,0.016783495,0.017526066,0.027232522,0.027886957,0.027449692,0.028176172,0.028811095,0.02778157,0.027362611,0.028742127,0.02774382,0.02763729,0.026257217,0.028818952
pubmed_21373784,2011.0,narrative or expert review,0.03311512,0.035473436,0.03210562,0.033243872,0.03299186,0.033590257,0.031313132,0.030176714,0.035374094,0.03421587,0.015677653,0.015794897,0.016858522,0.01683394,0.01584432,0.016594136,0.016255504,0.016520947,0.01620428,0.016380135,0.016305383,0.016792977,0.01633627,0.016588304,0.01680908,0.016420323,0.016795345,0.017239556,0.016449207,0.017399224,0.0277783,0.028138628,0.028422907,0.028820654,0.029360643,0.02779956,0.02814066,0.028178386,0.02814269,0.028889079,0.026448408,0.028280098
pubmed_38063895,2024.0,narrative or expert review,0.036394734,0.03486212,0.03480552,0.03323538,0.035499588,0.03324768,0.034073066,0.034694087,0.0336694,0.035318453,0.016566442,0.01674525,0.01689898,0.016685857,0.015524574,0.016556937,0.017101834,0.017520547,0.016421491,0.017984224,0.017199026,0.017032215,0.016593903,0.01693777,0.016673308,0.017490245,0.0163748,0.017306447,0.016951717,0.01743444,0.025867445,0.026513739,0.025906783,0.025558926,0.027049923,0.026568558,0.02649987,0.027260516,0.025871249,0.026676722,0.025557227,0.026869044
pubmed_29460009,2018.0,systematic review,0.034728814,0.035533607,0.03599099,0.032236494,0.034527134,0.032742918,0.033749,0.03382046,0.034474604,0.034995973,0.015509726,0.015455763,0.015273317,0.015788954,0.015484247,0.016469449,0.016271614,0.016487947,0.015863027,0.01714127,0.017224593,0.01612461,0.015231819,0.015625095,0.0153610995,0.016431112,0.016292198,0.017392643,0.015698297,0.016273227,0.027249882,0.026802897,0.02725415,0.028180223,0.029807894,0.028535804,0.027664483,0.028913362,0.02913495,0.02699083,0.027069377,0.028296165
pubmed_20425201,2010.0,narrative or expert review,0.03761555,0.034497704,0.035616457,0.0320137,0.036451697,0.034012895,0.040602367,0.036444347,0.03245702,0.034088273,0.01696341,0.017141629,0.01678265,0.01659093,0.015772523,0.016707156,0.017156092,0.018259732,0.018004272,0.018115792,0.01782118,0.017071627,0.017461674,0.016877268,0.017105808,0.018350491,0.01722305,0.016578766,0.018003268,0.016812658,0.02487583,0.024621213,0.024370722,0.02448333,0.025278978,0.02609135,0.025260137,0.026261728,0.025022496,0.024970222,0.023772836,0.02639115
pubmed_22102156,2012.0,narrative or expert review,0.035072383,0.03491996,0.03549258,0.03620858,0.034522954,0.034904536,0.03458263,0.032734055,0.0340086,0.036053747,0.017298922,0.017115697,0.017531026,0.017642377,0.015874865,0.016369112,0.01734718,0.017319432,0.016445199,0.017895019,0.016857352,0.01653132,0.016901199,0.018043416,0.01713321,0.018172933,0.016439231,0.017660955,0.016983509,0.017738085,0.024382042,0.026276786,0.02738944,0.025270084,0.027133001,0.027027914,0.025261935,0.025255635,0.024883466,0.025582843,0.023930257,0.025806589
pubmed_36527589,2023.0,narrative or expert review,0.03372156,0.03336133,0.035303682,0.032614533,0.034168005,0.033744834,0.03294594,0.032373026,0.032631528,0.034135558,0.016510295,0.01622963,0.016605282,0.016189935,0.015778396,0.016343655,0.017167956,0.01720635,0.017061915,0.017685222,0.01716067,0.016923238,0.017620644,0.016735047,0.017146038,0.01696667,0.016661579,0.01738526,0.01737902,0.017443184,0.026406566,0.025893815,0.026452925,0.028776057,0.028077599,0.02949336,0.02685379,0.027430853,0.027146485,0.027254239,0.024592642,0.02842164
pubmed_28752491,2017.0,systematic review,0.03389824,0.03359698,0.033057228,0.032069977,0.033234302,0.034485,0.031831987,0.032306235,0.03342563,0.03409439,0.017038403,0.017279655,0.017027672,0.017792791,0.016838145,0.01735313,0.01780281,0.017639067,0.017107025,0.017471686,0.017331753,0.019190498,0.017096555,0.017188845,0.017911585,0.017322596,0.01770998,0.017441198,0.017925262,0.01753137,0.026714647,0.026870467,0.02642574,0.026128743,0.026783608,0.027073363,0.026715884,0.025756063,0.026049675,0.026050001,0.025313322,0.028118484
pubmed_33563380,2021.0,narrative or expert review,0.03734816,0.03582368,0.038716894,0.03311162,0.03741183,0.03363046,0.036976818,0.037292246,0.03360848,0.035979804,0.015428037,0.016316947,0.015767416,0.016385142,0.015370247,0.015951423,0.017010488,0.017409172,0.015952904,0.017912224,0.017468564,0.015922574,0.015840132,0.016238011,0.016151527,0.01678545,0.016842589,0.016698789,0.016767029,0.015981354,0.026299661,0.025250694,0.024665616,0.025263144,0.027048802,0.026848214,0.02561473,0.027906926,0.025395384,0.025533546,0.025514448,0.026558813
pubmed_17350550,2007.0,narrative or expert review,0.034649942,0.03762389,0.038104806,0.032918304,0.034161117,0.033566087,0.033934873,0.03342882,0.035162155,0.036049996,0.016504707,0.016919004,0.016469458,0.016613867,0.016073694,0.017081695,0.017499015,0.017187664,0.01699354,0.018496087,0.017706383,0.016437244,0.016750762,0.01615396,0.016721545,0.017235037,0.017055519,0.017606322,0.016949931,0.017644556,0.025087494,0.026011592,0.025434574,0.025070509,0.026927784,0.026601925,0.02589274,0.026957031,0.02524094,0.025734616,0.024587132,0.026753662
pubmed_23218435,2012.0,narrative or expert review,0.03270803,0.036318757,0.033614054,0.032066286,0.033763595,0.03201764,0.031882457,0.029935438,0.03532463,0.03386909,0.015001376,0.015216915,0.015438636,0.015580959,0.01538449,0.016270371,0.01589485,0.01607498,0.01568585,0.016388167,0.016465414,0.016276557,0.015259815,0.01557345,0.015453433,0.016356224,0.016485443,0.016804526,0.015683152,0.017005399,0.028072823,0.032227796,0.028156204,0.028692141,0.02918627,0.028521141,0.030202255,0.029450634,0.028050605,0.02816279,0.030799277,0.028678063
pubmed_26096090,2014.0,narrative or expert review,0.03501617,0.03523495,0.03573614,0.032863993,0.0341865,0.033247624,0.03371347,0.033950787,0.033511158,0.0343392,0.017202863,0.01712885,0.017284822,0.01706463,0.016103849,0.016891867,0.017888991,0.01825397,0.018029638,0.018332085,0.017630951,0.016737709,0.018114429,0.017076327,0.017504053,0.017561238,0.017120285,0.018216087,0.017900063,0.0176573,0.024487257,0.025638925,0.025455395,0.02481387,0.026630513,0.026689427,0.025692211,0.026530012,0.025317958,0.025916701,0.024485676,0.026842045
pubmed_41271285,2026.0,narrative or expert review,0.033640742,0.03331622,0.03404192,0.031972304,0.03305614,0.033081777,0.032034956,0.032903332,0.033585716,0.033466876,0.016896408,0.017137434,0.01693327,0.016579319,0.01648304,0.017357737,0.018081171,0.017836427,0.017300472,0.01810621,0.01781644,0.017343773,0.01764001,0.017189931,0.01714234,0.01734293,0.017362626,0.017520769,0.017874287,0.017455392,0.026240751,0.025997465,0.02996476,0.025805749,0.027319789,0.027780853,0.027076846,0.027006915,0.026365736,0.025805095,0.024638679,0.027597345
pubmed_30594766,2019.0,narrative or expert review,0.03508576,0.036336534,0.036493205,0.03299462,0.034408674,0.03454952,0.034166228,0.034180645,0.035165448,0.036119375,0.016011056,0.01647324,0.016013686,0.016334798,0.016226174,0.01715408,0.0169596,0.017054388,0.016844364,0.017815234,0.01722494,0.016385477,0.016124012,0.016121449,0.01627878,0.017178908,0.017574465,0.017460754,0.016583774,0.016980847,0.02510685,0.02627039,0.026440235,0.026019726,0.02793876,0.02633144,0.02598256,0.027273592,0.026569298,0.025429605,0.025413342,0.026924226
pubmed_29729787,2018.0,narrative or expert review,0.035007533,0.035329342,0.035585485,0.033196133,0.03434546,0.033435084,0.033182193,0.033784654,0.03479819,0.034135953,0.015882015,0.016625954,0.016412191,0.01617004,0.015721733,0.01593354,0.017510345,0.016655298,0.017026346,0.017373834,0.01642401,0.015814018,0.017041594,0.016654396,0.016427616,0.016403032,0.016488343,0.01739854,0.016913712,0.016723463,0.026511848,0.02662901,0.0270831,0.027343115,0.029137213,0.027455188,0.027402563,0.027690265,0.026932273,0.026953207,0.02438651,0.028075717
WOS:000453643300005,,scoping or mapping review,0.03279389,0.03412413,0.033770967,0.03150633,0.03282569,0.03323833,0.03276018,0.031143233,0.03401438,0.034922857,0.016295511,0.01571253,0.016452191,0.016467527,0.015415057,0.016490528,0.016871084,0.016886849,0.0161708,0.01701754,0.016693633,0.016767329,0.016234316,0.016289778,0.016642932,0.016810406,0.016780782,0.01696154,0.016366346,0.017473295,0.028248342,0.028730167,0.026988985,0.02798815,0.028914504,0.028131023,0.028494215,0.027802862,0.02737433,0.027637284,0.027969789,0.029820308
pubmed_27344405,2016.0,narrative or expert review,0.035295736,0.033362404,0.03570621,0.033340838,0.034527786,0.034604058,0.034731187,0.033624373,0.032252032,0.0355554,0.016574763,0.017191553,0.01782824,0.017640954,0.015767409,0.016911197,0.01733354,0.017786222,0.01694813,0.018633265,0.017200172,0.017066399,0.016552,0.016966157,0.01729313,0.017937312,0.017040445,0.017670173,0.017713506,0.019145418,0.02568935,0.0252093,0.025802175,0.025595,0.02631533,0.026799757,0.025597345,0.025892252,0.025528831,0.025622174,0.024120305,0.027628157
pubmed_26614718,2016.0,narrative or expert review,0.034103133,0.03448433,0.036124583,0.032884095,0.033190977,0.03297711,0.032971356,0.032281447,0.033802863,0.034480106,0.016673258,0.016705776,0.017056001,0.016501365,0.015897403,0.01698233,0.01795116,0.017638842,0.017148362,0.019113464,0.018132022,0.016784877,0.017802916,0.016697243,0.016872954,0.017179763,0.017103793,0.018348275,0.017315162,0.017695034,0.025490312,0.025967434,0.026300626,0.026118236,0.028129218,0.02755875,0.026569365,0.026770663,0.026588053,0.02566424,0.024363432,0.027579674
pubmed_26614715,2016.0,narrative or expert review,0.036399294,0.035119902,0.036561117,0.03271783,0.034519754,0.034203503,0.0339952,0.035532996,0.033799447,0.03565098,0.017555812,0.01732137,0.016848812,0.017039416,0.016406897,0.016742215,0.017687412,0.018164113,0.017154757,0.018544918,0.017530361,0.016589664,0.017437615,0.017241111,0.017367203,0.017623216,0.017106675,0.0175726,0.0174841,0.017281776,0.024455449,0.025564669,0.0254537,0.024396414,0.026969867,0.026464425,0.025270974,0.02612674,0.025172567,0.024700306,0.023928821,0.026196077
pubmed_19289225,2009.0,systematic review,0.0347598,0.03453829,0.039028794,0.03418601,0.03507326,0.034360483,0.035605412,0.032861564,0.033664137,0.036022246,0.016749807,0.01689721,0.017033016,0.01720423,0.017093046,0.017719038,0.01747299,0.017507061,0.017051147,0.019418012,0.017754337,0.017029105,0.016498893,0.016608166,0.01673261,0.01827901,0.017918693,0.018596606,0.017220395,0.017916601,0.024525108,0.02517198,0.025645498,0.024416495,0.025867246,0.025662731,0.024833161,0.025480622,0.02591468,0.02423137,0.024081938,0.025369182
pubmed_40675665,2025.0,systematic review,0.040467303,0.036278095,0.03833514,0.03520407,0.037426405,0.035185065,0.037059486,0.039288074,0.03491355,0.036842816,0.016005838,0.01631431,0.015566754,0.015966188,0.015297714,0.016307577,0.016490743,0.017601172,0.016328208,0.017834188,0.017325686,0.01621976,0.016373845,0.016079862,0.016084421,0.01708804,0.016713636,0.016673356,0.016705057,0.016123662,0.025024548,0.024636306,0.0243189,0.024034427,0.026062464,0.025562217,0.025614198,0.025994357,0.024700189,0.02464387,0.023691323,0.025717216
pubmed_27325001,2016.0,systematic review,0.034580756,0.03496182,0.03494937,0.03303379,0.03467506,0.033125646,0.033759005,0.033344667,0.033991534,0.033978343,0.0176267,0.018491441,0.017643703,0.017622741,0.0161397,0.017128982,0.017416881,0.018053351,0.0179059,0.01849505,0.017367044,0.01700548,0.0189241,0.017851971,0.018193515,0.017973749,0.017171897,0.017591238,0.01776176,0.017334793,0.025142785,0.025726829,0.02587751,0.024752684,0.026191892,0.026488822,0.025961386,0.025446022,0.024086667,0.02638857,0.023857702,0.02597913
pubmed_27246519,2016.0,systematic review,0.036659773,0.033281393,0.034270614,0.033781864,0.03472265,0.033963066,0.034912903,0.033239797,0.033262625,0.035105295,0.01768544,0.017083524,0.017464504,0.017547041,0.015919222,0.016594023,0.017327035,0.017791802,0.016610099,0.01730817,0.017298188,0.01733364,0.016585546,0.01708355,0.016889563,0.017824704,0.017613837,0.016839115,0.017805936,0.017195087,0.026132206,0.025956437,0.02611597,0.02588439,0.026035747,0.026548797,0.02629388,0.026652854,0.024876453,0.026361225,0.025126876,0.027015166
pubmed_24602442,2014.0,systematic review,0.033952266,0.034184195,0.03572434,0.033074006,0.03279758,0.032698948,0.032094065,0.032630507,0.03313185,0.03411226,0.016416615,0.016869545,0.016668784,0.016481757,0.016142031,0.017637812,0.017861867,0.017997956,0.017063916,0.018241405,0.0176906,0.017167551,0.017193252,0.016686793,0.016627995,0.016567813,0.017443646,0.019041156,0.017169373,0.017230129,0.02701606,0.02621516,0.026533706,0.025839176,0.028020669,0.027619274,0.027109569,0.027000185,0.026557257,0.026683003,0.025162583,0.02764332
pubmed_28947182,2018.0,systematic review,0.034792457,0.033839054,0.03414059,0.033242498,0.034499187,0.03426407,0.034795035,0.032990564,0.034290805,0.03424571,0.016847335,0.017191233,0.017183825,0.016892826,0.01568244,0.016871518,0.017228998,0.017896364,0.017211288,0.017925384,0.017703464,0.017065343,0.01722277,0.01686842,0.017313419,0.01823535,0.016899453,0.016839571,0.017728856,0.017492153,0.025491927,0.02608307,0.027007855,0.025717726,0.026215654,0.027262948,0.026941817,0.02601935,0.025007345,0.026453594,0.02392862,0.02847009
pubmed_22814445,2012.0,systematic review,0.03641303,0.03641319,0.037277684,0.033622805,0.03592684,0.034290455,0.0368887,0.03445492,0.034535933,0.035776444,0.016150307,0.016543388,0.015969995,0.016338311,0.015782608,0.016875684,0.01696367,0.017367152,0.016361397,0.018104052,0.017312743,0.016956437,0.01670795,0.016669389,0.016311383,0.018033002,0.01731943,0.017480517,0.01660874,0.016743867,0.025015596,0.026018232,0.02505355,0.024904385,0.026282411,0.025932398,0.025389742,0.02690459,0.0259058,0.024728457,0.025529876,0.026134951
pubmed_1477890,1992.0,narrative or expert review,0.033706352,0.036070544,0.035133,0.032736834,0.033879388,0.03391591,0.034244154,0.03260083,0.0346382,0.034274794,0.015983632,0.015893098,0.01633583,0.016381914,0.0153739145,0.01655932,0.016791105,0.017179137,0.0165762,0.017429112,0.016835932,0.016355852,0.016555103,0.016470011,0.016319145,0.016734527,0.016407454,0.016790455,0.016365679,0.016862579,0.026831796,0.027907154,0.026914213,0.027683418,0.027603172,0.027913483,0.02746349,0.02808467,0.026621178,0.02665792,0.026690053,0.028229432
pubmed_12948346,2003.0,narrative or expert review,0.0351552,0.034206916,0.03602632,0.032311007,0.03382815,0.032434713,0.03344159,0.03334141,0.032663353,0.03339133,0.016728552,0.016891472,0.01693793,0.017270401,0.016174542,0.017639153,0.018155308,0.017642865,0.017261334,0.019725604,0.018720752,0.017722454,0.01794387,0.017113315,0.016996799,0.017044062,0.017152987,0.017502062,0.017624047,0.01705249,0.026805365,0.025591819,0.025857292,0.02491848,0.026378123,0.02671516,0.026591087,0.026425479,0.02597968,0.025691815,0.025621524,0.027324168
pubmed_17592957,2007.0,narrative or expert review,0.036363706,0.034913596,0.036634162,0.032812566,0.03543364,0.034881406,0.03572457,0.034066573,0.033142317,0.035227466,0.016418925,0.016590802,0.016637791,0.016605528,0.01576117,0.01700835,0.017291302,0.017896757,0.01687744,0.018840315,0.01799039,0.017340306,0.017512359,0.016775055,0.016990516,0.017868157,0.017214553,0.017403707,0.017403798,0.017472722,0.025074938,0.025120119,0.02467957,0.025654562,0.02662282,0.026547879,0.025492612,0.026307309,0.025558086,0.024966396,0.023779124,0.027196607
pubmed_18235536,2008.0,narrative or expert review,0.034770273,0.034640055,0.035843696,0.032237824,0.033661548,0.0332918,0.032598283,0.0331831,0.03354983,0.034523573,0.017333819,0.0176171,0.01722869,0.01758849,0.01691845,0.01764129,0.017795041,0.017873405,0.018277291,0.01887113,0.018138893,0.017383648,0.017761284,0.017226204,0.01770137,0.017572228,0.017567461,0.018618226,0.01757834,0.018107634,0.02432735,0.024951972,0.025172025,0.02516305,0.026650827,0.02702822,0.025586376,0.02606304,0.025966953,0.025770769,0.023470625,0.026648797
pubmed_24113949,2013.0,narrative or expert review,0.032815196,0.036778953,0.034935597,0.03440732,0.03423742,0.032299403,0.033607263,0.03179868,0.035004202,0.035015974,0.016422864,0.016753193,0.017160634,0.0168583,0.015629197,0.016538369,0.01655602,0.016977925,0.016817017,0.017411958,0.017575633,0.016479062,0.01619327,0.017288418,0.01651905,0.016860507,0.016523533,0.01733227,0.016696628,0.01750621,0.026399963,0.027471157,0.026539695,0.026302913,0.027472004,0.027556743,0.0266304,0.027789656,0.026660495,0.02646282,0.026396468,0.027317699
pubmed_11092802,2000.0,narrative or expert review,0.03468524,0.035859693,0.03534527,0.033514798,0.034769475,0.033789914,0.03343798,0.031717736,0.03489992,0.03517996,0.016266413,0.016037509,0.016102279,0.016484458,0.016046679,0.01719735,0.016671082,0.016531946,0.017085169,0.017732255,0.017632363,0.017157719,0.01689013,0.016417587,0.016252317,0.01675405,0.016600918,0.01695841,0.016508013,0.01707336,0.026734108,0.026843302,0.026825173,0.026526976,0.027204147,0.027110925,0.02747,0.027176203,0.026821699,0.026413662,0.026247906,0.027025893
pubmed_37575343,2023.0,systematic review,0.03387261,0.036011875,0.035446115,0.032831308,0.033362098,0.033367913,0.033277117,0.03275341,0.034693867,0.03528367,0.01706702,0.017259302,0.017117674,0.016958453,0.016472805,0.01720897,0.017479993,0.017663948,0.017015735,0.018276885,0.017098064,0.016585197,0.01687697,0.01702598,0.01677027,0.017372195,0.017237289,0.017848877,0.01749228,0.017472114,0.025158945,0.026178494,0.026438765,0.025153136,0.027702155,0.027292827,0.026587429,0.027402323,0.026144492,0.025447756,0.024967648,0.026426032
pubmed_32988440,2020.0,narrative or expert review,0.032745752,0.035034113,0.03495569,0.032553196,0.032906875,0.03249934,0.03308249,0.032410275,0.034936268,0.03377599,0.015910411,0.016310835,0.016310835,0.016159823,0.015893722,0.016673872,0.016813481,0.016765842,0.017145123,0.017142838,0.016751261,0.01656712,0.016720438,0.016424045,0.016555682,0.017289618,0.016355222,0.0175062,0.016303863,0.017399756,0.027046744,0.027711827,0.0274835,0.027255092,0.028992502,0.027148945,0.027295345,0.028610522,0.028911289,0.026678514,0.026940461,0.028025206
pubmed_27351769,2016.0,narrative or expert review,0.036023907,0.034865506,0.03579433,0.03239337,0.03442294,0.033526104,0.034701057,0.034792017,0.034283407,0.034997392,0.01652447,0.01714738,0.016549073,0.016772239,0.016276529,0.016914837,0.017370757,0.017766848,0.01663074,0.018457334,0.017845904,0.01724414,0.017734775,0.016999312,0.017222738,0.017315194,0.017685086,0.017869024,0.017567594,0.017006023,0.025495369,0.025104223,0.02533928,0.02489206,0.02688023,0.02620544,0.02626193,0.025881158,0.02659273,0.024903748,0.024357738,0.027386123
pubmed_35645164,2023.0,narrative or expert review,0.03497475,0.036304243,0.034898598,0.03300942,0.034244232,0.03350085,0.0334973,0.032562032,0.034635108,0.03447349,0.016518597,0.015743919,0.01592861,0.016473066,0.016210414,0.01705665,0.016707506,0.017128965,0.01745316,0.017460564,0.01788105,0.017125772,0.017054264,0.016158115,0.016435936,0.016695494,0.01785223,0.01742613,0.016826462,0.016763076,0.026018616,0.026482714,0.026161015,0.026870582,0.027011897,0.027439695,0.027003933,0.027325746,0.027700156,0.026345482,0.025326552,0.027313631
pubmed_11762878,2001.0,narrative or expert review,0.034115378,0.03356082,0.033281844,0.032055937,0.033307385,0.033992633,0.032488406,0.031117577,0.033202413,0.034277625,0.0167398,0.016430795,0.016771246,0.016889993,0.016238507,0.017197413,0.017137488,0.016852126,0.017062722,0.01759764,0.017204631,0.017401755,0.016864644,0.01657793,0.017298162,0.017270278,0.016965438,0.016920568,0.017056158,0.017722707,0.026953774,0.028401582,0.026847476,0.027025044,0.027642231,0.027660713,0.027472703,0.027200846,0.026824553,0.027170401,0.026028149,0.029172534
pubmed_33682560,2021.0,systematic review,0.034385055,0.034976605,0.03716307,0.033295613,0.03410053,0.0331009,0.03441667,0.032833293,0.033578366,0.03524992,0.017207658,0.016794985,0.016767688,0.017363677,0.015938377,0.016859775,0.017775273,0.018185813,0.016330857,0.018621193,0.018242463,0.018483963,0.016506774,0.018073946,0.017010275,0.018204238,0.017389856,0.018133659,0.01703419,0.018375339,0.025234107,0.02570723,0.025545085,0.024954455,0.026754133,0.025890464,0.025045445,0.02683737,0.025927166,0.02482882,0.025455963,0.025419759
pubmed_36706441,2023.0,narrative or expert review,0.034257162,0.033759512,0.03546277,0.032100312,0.033133365,0.031888295,0.032201048,0.03299822,0.033615116,0.033684224,0.016971497,0.017259238,0.016793422,0.017020782,0.01697718,0.017992651,0.018333632,0.017854499,0.018274812,0.019398762,0.018431544,0.017552791,0.017331373,0.016479919,0.017450389,0.017567895,0.017899005,0.018476805,0.017694915,0.01743891,0.025503222,0.025807528,0.026815014,0.025039393,0.026772577,0.026426492,0.026466783,0.026747633,0.027089838,0.025534341,0.024529686,0.026867533
pubmed_16968689,2006.0,narrative or expert review,0.033056453,0.03683691,0.033989754,0.03211575,0.033022895,0.032853413,0.032127213,0.030387428,0.036115736,0.033594448,0.015758803,0.015951833,0.015585188,0.0155954985,0.01626996,0.01647623,0.015991502,0.015961869,0.0169046,0.016433714,0.016054317,0.016412824,0.016121883,0.015494255,0.015811352,0.016425572,0.016489984,0.016855864,0.015496484,0.017308237,0.027399777,0.03121817,0.02753287,0.028363662,0.028948324,0.027489187,0.028379798,0.029349824,0.027669879,0.028523967,0.029902408,0.02782213
pubmed_40418249,2025.0,systematic review,0.03265076,0.03552775,0.03250844,0.032676518,0.03297534,0.032989915,0.031835258,0.030080922,0.034703694,0.035951417,0.016545601,0.016408062,0.01671026,0.017099256,0.015673287,0.016589422,0.016481258,0.016547702,0.01563305,0.016510677,0.016068948,0.016993223,0.015925266,0.016955102,0.016938813,0.01659816,0.016460331,0.016347943,0.016302807,0.017510856,0.028062707,0.029449672,0.028410623,0.028010549,0.028615264,0.028298624,0.027391559,0.028624194,0.026821582,0.027805082,0.027435053,0.028875085
pubmed_10870733,2000.0,narrative or expert review,0.036074005,0.034382187,0.035197318,0.03190118,0.033912968,0.033280816,0.034612928,0.034974165,0.032882135,0.033382285,0.016873362,0.017175764,0.016834483,0.016590731,0.015814343,0.016964942,0.01746906,0.017950708,0.018178856,0.01785169,0.01756375,0.017064018,0.017735977,0.016683215,0.016983787,0.017250966,0.017532095,0.017539615,0.017318398,0.017024238,0.025921332,0.025661457,0.026031071,0.026183495,0.027252909,0.026484137,0.025918923,0.02718186,0.026328163,0.026226666,0.024328606,0.027481385
pubmed_2181358,1990.0,narrative or expert review,0.033620015,0.035017952,0.03465757,0.034770787,0.033471685,0.034086786,0.032532044,0.032479316,0.03385145,0.036212377,0.017425332,0.01741278,0.017844506,0.018217595,0.016311267,0.017303525,0.017403664,0.017356278,0.01724755,0.01737479,0.016777279,0.01717405,0.01632359,0.01669474,0.0174233,0.017065667,0.016802272,0.017254587,0.017428212,0.017958999,0.026434004,0.026306458,0.026628446,0.025869139,0.02602753,0.026471814,0.026270336,0.025807478,0.026076986,0.027769372,0.02449301,0.026345402
pubmed_30520741,2019.0,narrative or expert review,0.034337685,0.034069628,0.03737213,0.032370318,0.03361994,0.033096764,0.032841753,0.03449752,0.034639172,0.034855064,0.016722308,0.017104449,0.016797762,0.01694084,0.01600262,0.01710708,0.017912442,0.017678464,0.016780665,0.01837789,0.018368343,0.016690142,0.016713813,0.016776275,0.016606862,0.017465662,0.017233597,0.01792855,0.017700836,0.01709141,0.025132652,0.02569685,0.02700687,0.025403822,0.027295541,0.027202128,0.025981013,0.026765866,0.026286377,0.025675021,0.025152512,0.02670135
pubmed_26889614,2016.0,systematic review,0.03385413,0.03447032,0.033374753,0.030901795,0.0329067,0.032351527,0.033011254,0.03273873,0.03337973,0.03371106,0.016566115,0.016419766,0.016673606,0.016446417,0.015989669,0.016477225,0.017463854,0.017060248,0.016624082,0.017399354,0.016908847,0.016938142,0.016937573,0.017568544,0.016466023,0.017047603,0.01720294,0.01735695,0.017065328,0.017587733,0.02662766,0.027567852,0.026789216,0.027292611,0.028400542,0.027125614,0.027139816,0.032114726,0.025923574,0.026504917,0.0277345,0.027778989
pubmed_29494401,2018.0,narrative or expert review,0.03935868,0.035615776,0.036882006,0.033107482,0.037814133,0.034563713,0.041668817,0.035933364,0.032995045,0.035860978,0.016552743,0.01678827,0.016482675,0.016591402,0.015684677,0.016430553,0.016811473,0.018028062,0.01707587,0.018082581,0.017451009,0.016670283,0.016679538,0.016550507,0.016855633,0.018334948,0.016953858,0.016594218,0.017665587,0.016616108,0.024515329,0.024358982,0.02382237,0.023930259,0.025686713,0.025546646,0.02486398,0.026250781,0.024439517,0.024173567,0.023852369,0.025859496
pubmed_35467583,2022.0,narrative or expert review,0.036557727,0.03561568,0.035484836,0.033108104,0.03457245,0.034758493,0.033151265,0.033767473,0.033807978,0.036176,0.016508771,0.017193602,0.016836958,0.016730824,0.016635364,0.01713643,0.017347245,0.017533144,0.01729961,0.017916696,0.017535942,0.017197363,0.016949791,0.017015187,0.016775778,0.016882965,0.017514238,0.01814193,0.0176082,0.017239975,0.024529316,0.025364194,0.025421932,0.025302425,0.026593499,0.026902962,0.025412148,0.026181182,0.026685169,0.025556397,0.024382126,0.026668634
pubmed_27023418,2016.0,meta-analysis,0.035109047,0.033253286,0.03661506,0.03231942,0.03521341,0.033987958,0.034664933,0.03679666,0.032797925,0.035342254,0.01670237,0.016819965,0.016797835,0.017383603,0.015997991,0.016347356,0.01747713,0.017588744,0.016373878,0.01770039,0.017439216,0.016523289,0.016543502,0.017084612,0.017373726,0.016735697,0.016630884,0.017009689,0.017329296,0.016840836,0.026112214,0.026113363,0.02588151,0.026146159,0.026994608,0.026799602,0.026142163,0.026830606,0.025744148,0.026302844,0.025044348,0.027088413
pubmed_27902569,2017.0,narrative or expert review,0.03489305,0.033128936,0.033671904,0.031929933,0.034746025,0.03661571,0.03382308,0.033536594,0.031701755,0.034853,0.01656286,0.01721341,0.017266668,0.017107466,0.016263414,0.01689315,0.017222844,0.017534554,0.017097376,0.017653193,0.017123986,0.017367546,0.017869318,0.016942251,0.020160133,0.017142834,0.01722114,0.016626678,0.01816408,0.017367115,0.025880076,0.02521017,0.026313739,0.026502008,0.026105627,0.029270364,0.026184922,0.026340364,0.02513957,0.026293738,0.023227386,0.027732048
pubmed_31977935,2020.0,systematic review,0.03424442,0.035411052,0.035065494,0.032146417,0.032956652,0.032478485,0.032240923,0.031922523,0.034029566,0.034504466,0.016583825,0.016451824,0.016350068,0.016334739,0.016816359,0.017313136,0.017347433,0.016764918,0.016971195,0.018062873,0.018119551,0.017534448,0.017019058,0.016560558,0.017148346,0.016479475,0.017536903,0.01802922,0.017046133,0.01742994,0.026596487,0.026418261,0.025920805,0.026546448,0.027754473,0.02722997,0.027102396,0.027797708,0.02766585,0.02649656,0.025927942,0.02764311
pubmed_40101218,2025.0,systematic review,0.033731915,0.034095217,0.03373463,0.03274922,0.033046354,0.033532374,0.032792415,0.03147931,0.033349562,0.03428902,0.017076794,0.016660303,0.017181482,0.017049883,0.016092282,0.01693001,0.017276783,0.017402325,0.01712687,0.017709844,0.01711653,0.017023653,0.016987357,0.017582415,0.01789768,0.01749463,0.016563613,0.018185034,0.01722069,0.01812186,0.026041087,0.02687665,0.026727827,0.026877396,0.028115999,0.028172292,0.027626168,0.026934678,0.026603045,0.026509188,0.02490964,0.027106022
pubmed_32871946,2020.0,meta-analysis,0.03417368,0.03485274,0.03579096,0.032718934,0.033125013,0.032102,0.03348483,0.031763457,0.035590418,0.034197956,0.016986007,0.016419344,0.016885404,0.016996486,0.01708038,0.018266931,0.017591467,0.017358819,0.016873626,0.018919686,0.019155877,0.017317882,0.016405322,0.016956266,0.016839987,0.017654976,0.017585412,0.017846892,0.017228786,0.017930489,0.02517768,0.026811047,0.025508495,0.02535037,0.026724486,0.02609058,0.026561024,0.026431521,0.026169937,0.025825005,0.02647817,0.026871702
pubmed_27496639,2016.0,narrative or expert review,0.03517702,0.03552038,0.035166096,0.033449788,0.034319058,0.033719443,0.033195868,0.03309924,0.034959465,0.033693656,0.01568353,0.015689565,0.01569368,0.015664313,0.015566716,0.016045047,0.016048865,0.015918247,0.015941177,0.016285101,0.016247952,0.01645477,0.015805393,0.016553015,0.015482819,0.015848909,0.015691172,0.017130077,0.015788592,0.015861053,0.027957583,0.027667494,0.027165327,0.028914968,0.02954735,0.028114261,0.028045893,0.028303081,0.028277107,0.028823627,0.027534457,0.028048852
pubmed_24080806,2013.0,narrative or expert review,0.03318503,0.03250766,0.033744324,0.031160343,0.0324496,0.03224947,0.03230528,0.031003363,0.03252045,0.033074483,0.0180611,0.01774716,0.018430922,0.018354949,0.01689781,0.017972954,0.018173328,0.018746141,0.018130947,0.019113336,0.018169597,0.017948996,0.018696561,0.017641364,0.01863153,0.018421166,0.018034374,0.017997488,0.018619586,0.019010669,0.025767092,0.025758622,0.025166057,0.025885923,0.026579458,0.026964473,0.026320346,0.025725607,0.025372615,0.026279656,0.02421305,0.02696705
pubmed_24690764,2014.0,narrative or expert review,0.034329996,0.034258187,0.035575647,0.03235005,0.034053627,0.03391358,0.033732366,0.03368594,0.03294924,0.03465135,0.016889472,0.016788885,0.017387949,0.016983861,0.016211942,0.016803417,0.017649695,0.01744312,0.017581327,0.018430613,0.018025896,0.017510314,0.017624047,0.016767288,0.017290222,0.017016847,0.017312946,0.017328091,0.01771027,0.017643819,0.026395217,0.025139384,0.025742693,0.025938863,0.026524708,0.027489701,0.026650356,0.026189836,0.026462864,0.025722457,0.02418302,0.027660903
pubmed_30893103,2019.0,narrative or expert review,0.03655203,0.035546035,0.036088686,0.03296472,0.035208337,0.034571562,0.034877386,0.035684004,0.034333643,0.03557358,0.017262667,0.017078787,0.016774239,0.017056389,0.016003745,0.016508864,0.017104724,0.017962817,0.017205525,0.017698972,0.01731836,0.016813738,0.01815472,0.016702952,0.017337836,0.017269976,0.017188981,0.016836949,0.017669436,0.017150305,0.02485549,0.024846705,0.024480315,0.025738683,0.026216583,0.025989186,0.02538161,0.026315974,0.024773665,0.02596774,0.02390612,0.027027931
pubmed_22406986,2012.0,narrative or expert review,0.03474627,0.03528267,0.035466388,0.033112362,0.034211375,0.033396985,0.032880362,0.033638958,0.03287144,0.03489319,0.017836777,0.017474474,0.017582301,0.017697673,0.01661341,0.017187243,0.017658101,0.018244006,0.018773444,0.018360632,0.017907195,0.017233707,0.01775501,0.016837105,0.017417425,0.017282788,0.017161269,0.0175894,0.018113572,0.018274413,0.024789212,0.024487078,0.024724234,0.025642252,0.026277283,0.02635798,0.024995264,0.027027732,0.025741732,0.026171224,0.023577685,0.026608314
pubmed_23314014,2013.0,narrative or expert review,0.03538388,0.034411944,0.03702415,0.03270617,0.03452946,0.03300962,0.033085514,0.034470376,0.03384887,0.035029996,0.016552197,0.017131003,0.016608497,0.016939495,0.0165972,0.017061405,0.018107235,0.018124795,0.016675767,0.01889526,0.018810272,0.017084138,0.017231336,0.017285295,0.016900422,0.017342601,0.017746396,0.017947184,0.01769716,0.017262327,0.024834093,0.025671707,0.025311721,0.024509206,0.026988573,0.026254263,0.025465867,0.027263543,0.025928365,0.02491066,0.025079375,0.026282612
pubmed_26148424,2016.0,narrative or expert review,0.03674577,0.036314797,0.03573131,0.033300932,0.035802048,0.036434565,0.034016833,0.036363125,0.0339103,0.035980325,0.016409451,0.017089054,0.016906282,0.017094254,0.01586959,0.016392907,0.016576527,0.018011067,0.016689265,0.017780622,0.017777786,0.016863748,0.016772738,0.016917285,0.016901901,0.016490676,0.017381059,0.016872523,0.01678653,0.01741671,0.024890155,0.025251808,0.02520965,0.024619864,0.025803916,0.026540933,0.02561793,0.026046345,0.024589848,0.02595778,0.025670141,0.026201632
pubmed_41268985,2025.0,scoping or mapping review,0.033281174,0.031954076,0.034012675,0.030653983,0.031962663,0.031784914,0.032062475,0.030686924,0.031236505,0.03216459,0.01768913,0.017261446,0.017672155,0.017218705,0.01725862,0.018360857,0.017997468,0.017555546,0.018134948,0.01953925,0.019929899,0.018688729,0.018347623,0.018136596,0.017929845,0.017407125,0.01814013,0.018924236,0.017934611,0.017773114,0.026397713,0.026048947,0.025920467,0.026244773,0.026666963,0.027825814,0.026899496,0.02636213,0.026949516,0.026502945,0.025413878,0.027067356
pubmed_41105043,2025.0,narrative or expert review,0.03858698,0.035573702,0.036932286,0.033939116,0.037159313,0.035421487,0.037636176,0.0369488,0.033089772,0.03661235,0.016664462,0.016901817,0.016918495,0.016754033,0.01589747,0.016707366,0.017063664,0.018261785,0.016952233,0.018152142,0.01754606,0.016633304,0.01665388,0.0165179,0.01713717,0.017768627,0.017371625,0.01671198,0.018290862,0.017295161,0.024107,0.02394649,0.024399348,0.0241301,0.02542346,0.025719522,0.024658067,0.02593718,0.024615722,0.024095463,0.022770485,0.026097156
pubmed_24261452,2014.0,narrative or expert review,0.033080097,0.034718625,0.03486087,0.03235673,0.033777837,0.032280397,0.033460364,0.033320975,0.032895867,0.03474827,0.016815651,0.017517876,0.017203838,0.016903723,0.015695484,0.016872237,0.0176006,0.018181026,0.017607037,0.018178169,0.017930333,0.016483476,0.017064895,0.016798917,0.01699036,0.017752895,0.01723115,0.01775971,0.017576663,0.018035976,0.025403716,0.026372047,0.026667738,0.026699016,0.028081946,0.02785514,0.025835352,0.027329342,0.02683497,0.025530692,0.024694575,0.026995452
pubmed_17371358,2007.0,narrative or expert review,0.033151954,0.031909797,0.033108402,0.03220768,0.03296154,0.033912152,0.03353921,0.030593202,0.031903196,0.03511284,0.017974745,0.018103054,0.018662758,0.018580567,0.01711809,0.01768847,0.017904332,0.018045519,0.017409846,0.018552512,0.017524593,0.017772393,0.01762184,0.017729389,0.018422106,0.019399174,0.017828159,0.017951844,0.018324608,0.019286036,0.025040235,0.026372787,0.026248159,0.026066555,0.027283113,0.026954364,0.025331147,0.02548697,0.02527601,0.025419706,0.023988325,0.026332634
pubmed_29722923,2018.0,systematic review,0.037207216,0.033410765,0.035981435,0.032574497,0.035565488,0.03474026,0.03438068,0.035048686,0.03299572,0.03619528,0.01596507,0.016026154,0.016686248,0.016194217,0.015978457,0.015955618,0.01628422,0.01742125,0.016134057,0.017361159,0.017130561,0.016785854,0.015866844,0.01691461,0.016297026,0.0169372,0.017124975,0.016838567,0.017720874,0.016777007,0.026391193,0.025677659,0.025357569,0.026936807,0.026673898,0.026858341,0.026440939,0.026527392,0.027729569,0.026037237,0.025085678,0.029683731
pubmed_35990762,2022.0,narrative or expert review,0.035330415,0.036279213,0.035895407,0.03222323,0.034062263,0.034329806,0.032288883,0.0328456,0.03408352,0.034661673,0.016540008,0.016940529,0.01678493,0.016898207,0.016723223,0.017403778,0.017258462,0.017523797,0.016658803,0.018491287,0.018432992,0.01791365,0.017118683,0.017262913,0.017276136,0.016784873,0.017887581,0.018095668,0.017141039,0.017863495,0.025897007,0.025828814,0.02478931,0.025979469,0.026130259,0.026473058,0.026073622,0.02634118,0.02565042,0.025672944,0.025145268,0.027018648
pubmed_12421777,2002.0,narrative or expert review,0.03498752,0.034129523,0.035593104,0.032254316,0.033655107,0.032328825,0.0331286,0.032165725,0.033933155,0.032824125,0.016742235,0.01685965,0.016370645,0.016948108,0.016358312,0.017130366,0.017362246,0.017760966,0.017149707,0.018289981,0.018085338,0.017877897,0.017371673,0.017398065,0.016554445,0.017358012,0.016700601,0.017954662,0.016899172,0.01732791,0.02596306,0.027100373,0.026452933,0.025508234,0.027372492,0.02662252,0.026771383,0.028229736,0.027262555,0.025900766,0.026641387,0.026674537
pubmed_32870949,2020.0,narrative or expert review,0.034485858,0.036937207,0.03618279,0.033903785,0.034264486,0.03280404,0.03317243,0.03405702,0.033991575,0.03470082,0.017215127,0.017076166,0.01663459,0.016724985,0.01612121,0.016929436,0.016913988,0.017391937,0.017168107,0.01856501,0.019813478,0.016903754,0.016816182,0.01727004,0.016737696,0.016952254,0.017290302,0.017873747,0.01688771,0.017214298,0.02474654,0.026293227,0.025391588,0.025497293,0.026627058,0.026879448,0.025603455,0.026744395,0.025901802,0.025875978,0.025687369,0.02585186
pubmed_26600874,2015.0,narrative or expert review,0.034610238,0.034086067,0.03559873,0.033424065,0.03352652,0.031729236,0.033649556,0.03178546,0.034241695,0.033348415,0.016900614,0.016797936,0.016782425,0.01750787,0.016140731,0.017251417,0.0177882,0.017995458,0.016499817,0.018129967,0.018013516,0.01795421,0.016758485,0.017800536,0.01655186,0.017982185,0.016761763,0.017883817,0.016823938,0.01777522,0.025951045,0.027498014,0.026668737,0.02549395,0.027088327,0.025873506,0.026240347,0.027844545,0.026442591,0.025854789,0.027200498,0.025743676
pubmed_22435173,2012.0,meta-analysis,0.033074696,0.0347588,0.03493538,0.033536695,0.03328052,0.031729534,0.032144096,0.031203674,0.03429309,0.034143496,0.016607245,0.016412282,0.016798811,0.016856888,0.015821222,0.016807228,0.016995668,0.017179638,0.016375601,0.017447306,0.017681107,0.01650981,0.016249543,0.016925907,0.016447753,0.017114788,0.016566852,0.018070308,0.016884452,0.01684759,0.026454242,0.027631419,0.028050074,0.026764093,0.0291751,0.027765129,0.027257098,0.02835176,0.027700286,0.02671648,0.026847394,0.027586967
pubmed_23786498,2013.0,narrative or expert review,0.036829617,0.03515237,0.0373509,0.03309799,0.034702428,0.034219082,0.03401649,0.03469788,0.03418628,0.035146967,0.01678182,0.016975999,0.016653754,0.016851952,0.016206294,0.01740842,0.01759664,0.017879488,0.017209547,0.01884272,0.01847969,0.017241877,0.017218228,0.016979482,0.0174171,0.017528944,0.01720131,0.018120408,0.017392583,0.017713765,0.02395021,0.02510953,0.025399262,0.024705146,0.026316782,0.026637377,0.0249184,0.025963554,0.02563499,0.024477383,0.023641463,0.026145887
pubmed_24405725,2014.0,systematic review,0.032021564,0.033205718,0.03191325,0.03142699,0.031900637,0.0328319,0.031379737,0.030040061,0.032381184,0.03479897,0.017448984,0.017482722,0.018881604,0.018489618,0.01665495,0.017077686,0.017295845,0.017166765,0.017012257,0.01758029,0.017137812,0.017537745,0.016716046,0.017268466,0.01764624,0.017755888,0.017272433,0.017344868,0.018055277,0.019774495,0.027060844,0.026769826,0.026434192,0.028196357,0.028047869,0.027893625,0.026879095,0.027111627,0.0262664,0.027866786,0.025070304,0.028903076
pubmed_40624502,2025.0,systematic review,0.03268539,0.03260859,0.032807834,0.030525932,0.03190161,0.032427385,0.0316388,0.03097999,0.031211445,0.033513036,0.01677968,0.016218469,0.016684685,0.016210021,0.015943462,0.016434938,0.017104777,0.016904516,0.016812978,0.017566735,0.017816115,0.017021826,0.017405005,0.0166673,0.017022215,0.01644393,0.016752588,0.017334824,0.016925959,0.017349917,0.028628195,0.027349424,0.027509734,0.029329253,0.028927831,0.030237578,0.02884588,0.02804701,0.027484931,0.029398981,0.025870904,0.030670278
pubmed_39468650,2024.0,scoping or mapping review,0.034090362,0.03492459,0.034368224,0.032700192,0.033718158,0.033719268,0.034512643,0.032932434,0.034879215,0.034654893,0.016399728,0.017183542,0.017050944,0.016755326,0.015606131,0.01706583,0.016762419,0.016920887,0.016792327,0.017316787,0.017059831,0.016511885,0.016620949,0.016381644,0.017420352,0.017519541,0.016470501,0.016724883,0.016786141,0.017850319,0.026216066,0.027397817,0.027332237,0.026740426,0.027519546,0.027281225,0.027481433,0.02699286,0.026300093,0.026754923,0.02524803,0.027035318
pubmed_17420400,2007.0,meta-analysis,0.03560624,0.03397115,0.034242846,0.031779647,0.03426597,0.03332495,0.034312345,0.034204602,0.0335479,0.034844317,0.015964435,0.016169328,0.016798886,0.016038677,0.01558239,0.0158455,0.01652266,0.016752357,0.01649735,0.016769016,0.01643246,0.017143942,0.01641999,0.016249383,0.016742267,0.016998524,0.016535245,0.016457576,0.017199486,0.017180491,0.027692223,0.027186496,0.026505847,0.027778002,0.02825717,0.027407022,0.027635088,0.027866235,0.028262898,0.026927942,0.026438594,0.027742455
pubmed_39137213,2024.0,meta-analysis,0.03209388,0.03377338,0.032597348,0.031845227,0.031762924,0.033500187,0.032504037,0.03060862,0.03295038,0.034164015,0.016264996,0.01650705,0.016844302,0.016552191,0.016844815,0.015811136,0.01652994,0.016370999,0.01617051,0.016515408,0.016341053,0.016338425,0.016259462,0.017560601,0.016713213,0.017138857,0.016639547,0.017537216,0.016731774,0.017528508,0.026949214,0.028675806,0.027338106,0.031022968,0.0290311,0.027951239,0.02764468,0.02827575,0.029232476,0.027748752,0.02807044,0.029059453
pubmed_36791365,2023.0,narrative or expert review,0.03461545,0.034772452,0.03584641,0.03421447,0.034189284,0.03460227,0.034302574,0.033167098,0.03294428,0.036145736,0.018175082,0.016840577,0.017384507,0.017394146,0.015998872,0.016676528,0.01708215,0.017771656,0.016703567,0.018402208,0.017290445,0.016493633,0.016669009,0.017381039,0.016221354,0.017835254,0.016737072,0.017753499,0.01686362,0.01722577,0.025109027,0.02599189,0.027214866,0.024884779,0.027151417,0.026620165,0.025743743,0.026091238,0.02517738,0.026151748,0.026995618,0.025168112
pubmed_22550985,2012.0,narrative or expert review,0.033922333,0.035712108,0.03530207,0.03305335,0.034880515,0.033707168,0.03497463,0.03421679,0.03420569,0.034125358,0.016147213,0.016986521,0.016740894,0.016229475,0.015317018,0.016211536,0.017124353,0.017526207,0.016872728,0.017345306,0.016945487,0.016133865,0.016871834,0.01643175,0.016930185,0.017016908,0.01655663,0.016687777,0.017093388,0.01703091,0.025502086,0.027338214,0.026063155,0.02703356,0.027799694,0.02778716,0.026675835,0.028539792,0.025596358,0.026724834,0.02538317,0.027256144
pubmed_19418887,2009.0,narrative or expert review,0.03534195,0.034170333,0.03352298,0.03360771,0.03432269,0.034391683,0.036042564,0.031250667,0.03469639,0.03415305,0.016585782,0.016465295,0.016893055,0.017196985,0.016065983,0.017506069,0.016809866,0.01738241,0.016262863,0.01756357,0.01693909,0.018580746,0.016536962,0.018142154,0.016701438,0.018890742,0.016924925,0.016794791,0.016871681,0.017585546,0.026495716,0.027616888,0.02610403,0.025772009,0.026138555,0.025990853,0.026585395,0.026309082,0.025209406,0.026745984,0.026465787,0.026466278
pubmed_24966693,2014.0,narrative or expert review,0.037535917,0.03791117,0.03710396,0.03466152,0.036832813,0.035492036,0.035594102,0.03506403,0.03552823,0.038576223,0.01601219,0.016009908,0.016206207,0.016815703,0.015355275,0.01599269,0.016279373,0.017243173,0.016344704,0.01685458,0.016775431,0.01582913,0.016224759,0.016169291,0.016730024,0.016911387,0.016566519,0.016081486,0.016862478,0.016835686,0.025140474,0.025853323,0.025293393,0.025164492,0.02618862,0.0265936,0.025891598,0.027002228,0.02445931,0.025456954,0.024043903,0.026512096
pubmed_25953594,2015.0,systematic review,0.040154476,0.039188012,0.03761037,0.0345459,0.036790702,0.03488575,0.037206575,0.034838077,0.036944255,0.03673588,0.015630204,0.015420709,0.015379631,0.015700702,0.015496445,0.01613592,0.016019478,0.016520683,0.015793795,0.017654374,0.017007576,0.016647086,0.015832119,0.015799453,0.01589567,0.017074607,0.016447766,0.016259873,0.016058072,0.01642583,0.025567906,0.026498407,0.025127532,0.024578089,0.026166402,0.026026156,0.025777277,0.026180409,0.025301399,0.024790673,0.025915131,0.025970628
pubmed_38754116,2024.0,narrative or expert review,0.03758526,0.03640322,0.035644956,0.035183206,0.03606263,0.036053855,0.03498707,0.03473935,0.03439154,0.036848906,0.01743535,0.016680166,0.016841523,0.017273486,0.015650962,0.016355958,0.016545875,0.017427381,0.016728077,0.018051853,0.017438652,0.016714215,0.01707466,0.017824406,0.0174501,0.017522525,0.01656558,0.016860096,0.016867159,0.01759203,0.024761232,0.025446355,0.025221154,0.024169115,0.02584751,0.0264382,0.025356032,0.024892986,0.023802588,0.02510277,0.024117079,0.026044989
pubmed_39629040,2024.0,narrative or expert review,0.03938655,0.036287982,0.037666753,0.033752568,0.037995357,0.03746751,0.037529033,0.040080186,0.033643715,0.037190344,0.016436987,0.016714847,0.016110642,0.016507518,0.015723554,0.016225446,0.016843297,0.01810156,0.0167929,0.017808814,0.017319309,0.016500706,0.016537558,0.016097201,0.017117715,0.017326768,0.017492518,0.016530707,0.01784388,0.016368065,0.023852002,0.023741312,0.023783408,0.02343447,0.025460957,0.025379797,0.024224075,0.025951833,0.024807978,0.023767851,0.022797154,0.025399184
pubmed_38137395,2023.0,narrative or expert review,0.037071936,0.03541094,0.03598845,0.033062913,0.03603773,0.03417581,0.034872547,0.035796028,0.035237513,0.036246117,0.016326629,0.016879601,0.016403701,0.016923673,0.016286992,0.01662977,0.016746985,0.017425,0.01622566,0.017543621,0.017702283,0.016793124,0.016519148,0.016832335,0.016715828,0.017004572,0.01731875,0.016593235,0.017464522,0.016564595,0.02525036,0.025820632,0.025159227,0.025238657,0.026113432,0.026154544,0.026276434,0.025722211,0.026425166,0.025354482,0.025091315,0.026493538
pubmed_26039013,2015.0,narrative or expert review,0.0343997,0.03173855,0.03188685,0.031771317,0.032468043,0.033112865,0.032015458,0.029675262,0.03265732,0.032474637,0.017521717,0.0168974,0.017185412,0.017653894,0.018198496,0.019002778,0.017677527,0.017898694,0.016831905,0.018528443,0.018415084,0.021551242,0.017699739,0.018278394,0.017875092,0.018453484,0.019341901,0.017934414,0.01784256,0.017711857,0.026814787,0.026906883,0.026391014,0.025411822,0.025698815,0.02650385,0.02687778,0.024870817,0.026677666,0.025717968,0.02716572,0.02636289
pubmed_38132273,2023.0,narrative or expert review,0.03523356,0.036023866,0.03732827,0.033508267,0.034445938,0.03343149,0.03444836,0.034131903,0.034206014,0.035042297,0.016880887,0.016892575,0.016911548,0.016383257,0.015756354,0.016679421,0.01750617,0.017770618,0.0175277,0.018517425,0.01750512,0.016573986,0.017283173,0.016977198,0.016897187,0.017405123,0.016759425,0.018505313,0.016971624,0.017495874,0.024353003,0.025892174,0.025412537,0.025181534,0.027178995,0.026854211,0.025294902,0.026986795,0.025676386,0.025258878,0.024339216,0.026571363
pubmed_38470686,2024.0,systematic review,0.03307255,0.034457285,0.033135742,0.034761533,0.033540126,0.034279834,0.03242019,0.031027,0.03316903,0.036836695,0.016820904,0.01655497,0.01738654,0.017127348,0.015676077,0.016387574,0.016513232,0.016749308,0.015902191,0.017064126,0.017278505,0.01691143,0.016171044,0.017712187,0.017461566,0.01685033,0.016614331,0.01726919,0.016961863,0.017787242,0.026920574,0.027506342,0.027080607,0.02703136,0.0286738,0.028385691,0.026740624,0.026700588,0.026263088,0.026696553,0.025865063,0.0282357
pubmed_33396262,2020.0,scoping or mapping review,0.031896167,0.03281495,0.033085614,0.031861946,0.032170445,0.03152174,0.03409652,0.029708318,0.034731533,0.033112753,0.016792784,0.016067887,0.016872333,0.016290342,0.016076664,0.016316405,0.01722314,0.016467294,0.01679595,0.017116088,0.016790811,0.016206076,0.01651655,0.016882304,0.016771931,0.017978305,0.016746193,0.017216323,0.016704679,0.017567908,0.027227575,0.030204538,0.0283054,0.028392391,0.029599527,0.028630551,0.029135048,0.027229987,0.028022762,0.0274233,0.027085537,0.028343398
pubmed_36675454,2023.0,narrative or expert review,0.03491053,0.035981346,0.03631242,0.03303053,0.035800852,0.033452574,0.03337765,0.03447673,0.034611378,0.035446007,0.016400121,0.016859276,0.01672545,0.016738521,0.01596246,0.016764505,0.017386042,0.017132998,0.017297495,0.018027058,0.01716149,0.016379181,0.016828632,0.016720569,0.016609171,0.017115109,0.016517524,0.017581943,0.016870042,0.01702241,0.025170155,0.026396096,0.026865484,0.024915058,0.027475532,0.02762075,0.026496926,0.026872814,0.0258712,0.025759598,0.024644366,0.02641202
WOS:001116314900001,,network meta-analysis,0.03402904,0.035148893,0.035759147,0.032906085,0.033575036,0.032613028,0.03411165,0.032073952,0.034913696,0.03446947,0.015244099,0.014985364,0.015955305,0.015528177,0.01523812,0.016036242,0.016450776,0.016118975,0.015851604,0.01686034,0.016209457,0.016507972,0.015825687,0.015949426,0.015596017,0.016456185,0.016052907,0.016256293,0.016162476,0.016814582,0.02882644,0.029522967,0.026898872,0.027825413,0.028813295,0.027676694,0.02851186,0.029156964,0.027808469,0.027111156,0.02920756,0.028840309
pubmed_31466408,2019.0,narrative or expert review,0.033886544,0.03476816,0.035132878,0.03229066,0.033308312,0.03272997,0.032798707,0.032154165,0.033795662,0.03373492,0.01621519,0.016420398,0.016083775,0.01638751,0.01656277,0.017484052,0.017065573,0.017195527,0.016878106,0.018160524,0.0185288,0.017360417,0.016751233,0.016799472,0.017245967,0.017067587,0.017306477,0.018256515,0.016404638,0.017025447,0.026485048,0.027101379,0.02625393,0.026433803,0.027455406,0.026935259,0.026777856,0.028064273,0.02787098,0.026964307,0.026868278,0.026989443
pubmed_36278735,2022.0,systematic review,0.034613125,0.034227442,0.03551858,0.032092106,0.03333254,0.032432612,0.033106606,0.032506146,0.033417266,0.034153588,0.016743695,0.017050246,0.016803475,0.0165927,0.016932765,0.017074144,0.01753212,0.01731327,0.017115891,0.018342372,0.01766512,0.016946007,0.016791433,0.016862106,0.0167028,0.017521312,0.017068006,0.018129053,0.017454507,0.017458947,0.02522614,0.026564455,0.025367122,0.026517468,0.027737182,0.026664196,0.026296018,0.027336564,0.029361846,0.026110189,0.025759293,0.027559532
pubmed_31878346,2019.0,systematic review,0.03514779,0.03454126,0.036804546,0.032343134,0.03428448,0.03330441,0.033803057,0.03371758,0.032972503,0.034981225,0.016581677,0.016702605,0.016475078,0.016853776,0.016408635,0.016991073,0.017349113,0.017275464,0.016587887,0.017878719,0.01821658,0.016702719,0.01637572,0.017158898,0.016678436,0.016776549,0.016635448,0.018018192,0.017084362,0.017449101,0.026276816,0.025831921,0.025375245,0.026388867,0.02812161,0.027390512,0.026281679,0.02712862,0.02674193,0.025941473,0.025713064,0.026808241
pubmed_39768944,2024.0,systematic review,0.034043394,0.035013188,0.035163604,0.032844637,0.034473125,0.032224905,0.03384064,0.032475483,0.03587054,0.035350498,0.015817337,0.015818456,0.016255317,0.016419658,0.016235724,0.016456023,0.016696168,0.016438661,0.015962483,0.016848592,0.016539374,0.016342482,0.015721045,0.015853595,0.015910652,0.017127734,0.01673422,0.01698,0.01677504,0.016767412,0.027458636,0.02795067,0.026270008,0.027494809,0.0288082,0.02706167,0.027820101,0.027794145,0.028229771,0.027275946,0.026494429,0.028341621
pubmed_24716562,2014.0,narrative or expert review,0.034921072,0.035687666,0.035407953,0.03400331,0.03578152,0.03581819,0.033421587,0.033595562,0.033272993,0.03619017,0.016777063,0.016789269,0.016523274,0.017460603,0.016155455,0.01706373,0.01679437,0.017047869,0.017303614,0.018263264,0.017164962,0.016903335,0.016732862,0.0176595,0.017072849,0.017089346,0.016449038,0.017522013,0.016996842,0.016830726,0.025556767,0.02570376,0.027081488,0.025628664,0.02658476,0.026264703,0.02580689,0.025900893,0.025924869,0.02586209,0.02438682,0.026598299
pubmed_32010899,2019.0,systematic review,0.033229288,0.034627642,0.0347331,0.032141257,0.03261153,0.03256567,0.0321444,0.03164656,0.033839263,0.03496129,0.0169437,0.017244134,0.017155768,0.016769443,0.016952915,0.017866788,0.017263189,0.01692509,0.016571485,0.018706407,0.018570166,0.017719666,0.01616958,0.016787132,0.01696991,0.017291078,0.017660802,0.01789233,0.017203903,0.017936485,0.027003666,0.026983444,0.027277187,0.025686545,0.027680641,0.026749447,0.027570255,0.026187813,0.026835803,0.026443992,0.025887553,0.02659363
pubmed_12720511,2003.0,narrative or expert review,0.03518359,0.03503859,0.037106913,0.031945184,0.033784073,0.033079837,0.033354606,0.03398792,0.03363933,0.034579948,0.016730074,0.017337564,0.01675243,0.01708395,0.016923027,0.017700981,0.018002989,0.01787155,0.017392047,0.019065805,0.018308204,0.017641775,0.017372154,0.016927987,0.017591394,0.017802846,0.01801576,0.018522514,0.017544275,0.017812634,0.025039764,0.025343247,0.025748955,0.024399454,0.02615561,0.026049461,0.0257374,0.026297338,0.02532546,0.025228225,0.024148794,0.026426332
pubmed_28359011,2017.0,narrative or expert review,0.033769675,0.035994615,0.03564393,0.03257607,0.03360838,0.032639626,0.033635028,0.034100894,0.034412894,0.03401892,0.017173469,0.016827548,0.016642723,0.01699099,0.015674489,0.017049175,0.01740378,0.017964426,0.01679623,0.01786238,0.017894208,0.016885193,0.016270969,0.017416028,0.016788682,0.017431272,0.01687304,0.018478585,0.016505836,0.01737095,0.025459187,0.026167603,0.026441818,0.02595553,0.028505754,0.026556078,0.025696823,0.026944123,0.026775472,0.02606701,0.026434714,0.026295902
pubmed_2094850,1990.0,narrative or expert review,0.033928033,0.03536066,0.03518728,0.033785343,0.03423414,0.033986904,0.034278564,0.032657575,0.033460412,0.035221033,0.016264258,0.016188923,0.016458867,0.016430536,0.01572109,0.016614115,0.016895248,0.017494343,0.016716115,0.018265015,0.017771002,0.017098453,0.016826043,0.01700954,0.016954456,0.0172432,0.017155929,0.017174618,0.016918592,0.017399637,0.026638959,0.02646881,0.0260525,0.026740724,0.026803765,0.027013466,0.027230578,0.027127368,0.025973713,0.026118718,0.025388196,0.02774321
pubmed_17149465,2006.0,narrative or expert review,0.033082426,0.034934647,0.034619503,0.031314682,0.032610305,0.03221454,0.032748707,0.031838614,0.034728624,0.033307947,0.015806297,0.01608249,0.015777668,0.01661936,0.015722025,0.016709527,0.01682714,0.0169975,0.016258502,0.017056298,0.017551785,0.016661938,0.015840668,0.01672179,0.015701592,0.017197086,0.01650102,0.017497018,0.015786067,0.017184235,0.026626142,0.030279001,0.027492238,0.027019588,0.028946675,0.027504124,0.027295137,0.029180458,0.027951047,0.02661427,0.031009289,0.028182006
pubmed_10711057,1999.0,narrative or expert review,0.034526996,0.034242146,0.035911284,0.032196023,0.0336906,0.032222353,0.032532267,0.033553444,0.03389154,0.03413334,0.016600333,0.016934494,0.016558379,0.01663092,0.016292628,0.017247135,0.017682612,0.017685162,0.01760691,0.018384721,0.017553754,0.016813658,0.01752544,0.016264224,0.016923457,0.017134165,0.01724829,0.018297208,0.01720032,0.017216224,0.02621025,0.025777048,0.027267901,0.025360191,0.028175395,0.027314467,0.026966807,0.026905853,0.027950475,0.025677176,0.024703026,0.026991447
pubmed_11858295,2000.0,narrative or expert review,0.033761688,0.033818927,0.035069875,0.03201184,0.03342563,0.031707264,0.031891186,0.0331488,0.033768542,0.033796247,0.016480708,0.016784875,0.016585868,0.016625663,0.016425373,0.017403565,0.017625188,0.01742404,0.017564785,0.018292453,0.017824357,0.017198376,0.017518045,0.016288804,0.016889684,0.017095951,0.017321281,0.018213505,0.017179472,0.017358022,0.026972117,0.025989119,0.027770543,0.025566813,0.028055571,0.027422542,0.027633522,0.02714019,0.02819734,0.026123175,0.025161607,0.027467458
pubmed_8940956,1996.0,narrative or expert review,0.03416392,0.03617985,0.035702534,0.03292267,0.034462247,0.034025844,0.033034477,0.033464532,0.034278817,0.03546516,0.017053701,0.017216165,0.017379684,0.017343773,0.016159791,0.017066842,0.017510619,0.017590959,0.017897777,0.01873813,0.017431153,0.0170871,0.017446257,0.017215788,0.017398274,0.01747865,0.017336324,0.017845588,0.017341731,0.017761705,0.02465271,0.025546517,0.026207402,0.024640854,0.026831994,0.027272215,0.025752323,0.026412252,0.025276113,0.025108388,0.024260681,0.026138542
pubmed_10635197,1999.0,narrative or expert review,0.03408694,0.03521632,0.034333833,0.033272393,0.033768434,0.032974515,0.033005416,0.031812005,0.03314171,0.03528844,0.017568707,0.016900793,0.017146947,0.017495185,0.016664356,0.017147303,0.017004866,0.017518349,0.017302092,0.018201817,0.018144133,0.017536862,0.017289508,0.017705387,0.017443866,0.017315136,0.01759967,0.017343707,0.01728633,0.017684964,0.025913492,0.026535219,0.02625558,0.02588174,0.026062058,0.026970977,0.026125655,0.026551683,0.026452571,0.026311118,0.025419915,0.026319994
pubmed_9927896,1998.0,narrative or expert review,0.033104096,0.03299586,0.034061458,0.03232136,0.03196377,0.03161118,0.03260562,0.03071546,0.032633223,0.03298798,0.017824013,0.018101595,0.018210303,0.017771177,0.016173935,0.01711298,0.018185008,0.017660506,0.01760815,0.018708907,0.017604167,0.017565012,0.01811702,0.01769654,0.017828949,0.017723478,0.01736747,0.017625399,0.018083168,0.018332237,0.026365852,0.026786013,0.02705131,0.025920283,0.027251039,0.027264902,0.027204543,0.02644131,0.025798714,0.02693381,0.02495993,0.02762228
pubmed_34793635,2021.0,systematic review,0.033321667,0.034321487,0.033836395,0.030991068,0.033222303,0.032225594,0.0328849,0.031421505,0.032733355,0.03374175,0.017399047,0.01714693,0.01714251,0.017232483,0.017307643,0.017440157,0.017939707,0.017357636,0.018724617,0.018168135,0.017569503,0.017115025,0.017387357,0.01654717,0.017643351,0.017079849,0.017175792,0.017427228,0.018198993,0.017696876,0.026810773,0.02600278,0.026061947,0.026709516,0.027660897,0.028582755,0.02711907,0.02692766,0.026204595,0.026838979,0.024748543,0.027832465
pubmed_8842824,1996.0,narrative or expert review,0.033703152,0.034252692,0.03372936,0.03126063,0.032263044,0.031844106,0.03360057,0.030600963,0.03536594,0.032679554,0.01581093,0.015616845,0.016010903,0.015669353,0.016507838,0.016517084,0.016656712,0.016477952,0.0167374,0.017006023,0.017245492,0.017359331,0.016682148,0.01609523,0.01647448,0.017312704,0.01736224,0.017114673,0.016502367,0.017040309,0.027352987,0.030437857,0.027132388,0.02765782,0.028269948,0.027669242,0.030343128,0.027786521,0.027572403,0.027021516,0.02864342,0.028612806
